,-3561,-245,37,-52,115,186,-645
2539,653,-3600,-233,13,-75,115,186,-645
2539,599,-3546,-188,-29,-75,115,186,-645
2553,586,-3540,-155,-77,-42,115,186,-645
2499,545,-3553,-172,-102,-59,115,186,-645
2464,540,-3498,-260,-99,-77,110,192,-646
2510,553,-3482,-273,-99,-69,110,192,-646
2475,611,-3471,-277,-64,-65,110,192,-646
2464,583,-3490,-275,-35,-32,110,192,-646
2432,570,-3524,-279,-111,-28,110,192,-646
2445,612,-3537,-308,-167,-34,110,192,-646
2477,651,-3527,-261,-244,-16,110,192,-646
2459,621,-3562,-302,-410,13,110,192,-646
2628,506,-3648,-539,-504,-122,110,192,-646
2566,631,-3439,-437,-283,-95,110,192,-646
2382,657,-3470,-340,-193,-62,110,192,-646
2332,549,-3350,-305,-306,-109,110,192,-646
2400,450,-3462,-311,-393,-163,110,192,-646
2312,293,-3337,-332,-345,-138,110,192,-646
2293,234,-3404,-384,-318,-106,110,192,-646
2334,188,-3457,-461,-367,-120,110,192,-646
2387,192,-3526,-501,-409,-189,101,202,-643
2447,89,-3528,-489,-441,-266,101,202,-643
2589,-1613,-2833,-470,-817,-1016,101,202,-643
1536,-455,-3227,-1432,-1049,-109,101,202,-643
1875,-108,-3788,-1161,-809,-1,101,202,-643
2356,15,-3588,-1102,-394,-96,101,202,-643
2614,301,-3760,-934,-45,-117,101,202,-643
2758,255,-3991,-913,-83,-188,101,202,-643
2818,265,-4176,-930,-275,-275,101,202,-643
2702,307,-4251,-804,-366,-299,101,202,-643
2746,263,-4037,-729,-492,-328,101,202,-643
2598,328,-3913,-675,-564,-358,101,202,-643
2465,360,-3821,-668,-497,-416,101,202,-643
2379,407,-3653,-700,-443,-437,101,202,-643
2312,426,-3529,-731,-387,-445,101,202,-643
2293,430,-3442,-796,-370,-468,101,202,-643
2235,515,-3372,-771,-318,-477,101,202,-643
2236,523,-3386,-821,-270,-456,101,202,-643
2206,575,-3377,-902,-192,-412,101,202,-643
2319,736,-3386,-933,-169,-369,101,202,-643
2316,883,-3429,-939,-144,-352,101,202,-643
2338,1027,-3443,-883,-125,-319,101,202,-643
2383,1135,-3398,-758,-164,-289,101,202,-643
2409,1247,-3496,-610,-197,-269,101,202,-643
2420,1240,-3435,-473,-181,-254,101,202,-643
2360,1262,-3453,-359,-142,-269,101,202,-643
2349,1200,-3432,-222,-115,-245,101,202,-643
2334,1127,-3399,-105,-112,-220,101,202,-643
2335,1019,-3416,-54,-87,-205,101,202,-643
2310,989,-3409,-37,-53,-187,101,202,-643
2377,991,-3420,-71,-25,-170,101,202,-643
2404,1019,-3467,-134,16,-214,85,227,-638
2379,945,-3471,-220,-13,-253,85,227,-638
2430,933,-3506,-274,-42,-256,85,227,-638
2387,940,-3516,-319,-67,-221,85,227,-638
2463,726,-3359,-438,-262,-260,85,227,-638
2250,836,-3367,-638,-332,-267,85,227,-638
2199,959,-3371,-636,-192,-170,85,227,-638
2342,975,-3378,-618,-259,-214,85,227,-638
2398,995,-3511,-629,-189,-205,85,227,-638
2478,1041,-3647,-573,-136,-212,85,227,-638
2523,1003,-3664,-523,-123,-254,85,227,-638
2502,962,-3676,-457,-100,-267,85,227,-638
2477,825,-3697,-411,-157,-274,85,227,-638
2431,792,-3658,-382,-232,-253,85,227,-638
2344,772,-3629,-348,-262,-210,85,227,-638
2256,731,-3627,-305,-264,-160,85,227,-638
2245,681,-3602,-292,-278,-117,79,237,-642
2211,622,-3518,-347,-345,-83,79,237,-642
2228,625,-3508,-425,-397,-55,79,237,-642
2231,645,-3485,-484,-390,-19,79,237,-642
2240,711,-3532,-524,-321,-11,79,237,-642
2274,795,-3548,-532,-255,0,79,237,-642
2358,795,-3562,-526,-215,-18,79,237,-642
2397,780,-3601,-509,-217,-49,79,237,-642
2356,750,-3613,-490,-236,-42,79,237,-642
2342,720,-3569,-463,-261,-17,79,237,-642
2322,629,-3521,-487,-294,-31,79,237,-642
2284,612,-3565,-565,-314,-15,79,237,-642
2235,600,-3516,-640,-302,18,79,237,-642
2266,642,-3490,-685,-288,51,79,237,-642
2314,635,-3421,-733,-314,23,79,237,-642
2298,590,-3524,-848,-356,27,79,237,-642
2299,628,-3579,-951,-371,30,79,242,-635
2345,643,-3630,-1020,-375,26,74,242,-635
2392,696,-3638,-1077,-378,31,74,242,-635
2674,688,-3577,-1098,-286,70,74,242,-635
2462,866,-4033,-1070,-193,-10,74,242,-635
2391,959,-3942,-1068,-132,-103,74,242,-635
2447,1001,-3852,-983,-191,-106,74,242,-635
2461,976,-3755,-901,-348,-139,74,242,-635
2413,977,-3729,-841,-447,-161,74,242,-635
2275,954,-3714,-756,-451,-174,74,242,-635
2196,876,-3670,-669,-393,-170,74,242,-635
2169,848,-3607,-631,-320,-145,74,242,-635
2132,862,-3486,-606,-273,-127,74,242,-635
2182,779,-3404,-612,-306,-126,74,242,-635
2099,731,-3364,-707,-468,-93,74,242,-635
2037,697,-3223,-800,-567,-50,74,242,-635
2057,726,-3316,-859,-573,35,74,263,-631
2061,843,-3359,-829,-452,88,61,263,-631
2170,956,-3431,-796,-340,118,61,263,-631
2211,1043,-3479,-814,-236,114,61,263,-631
2364,1125,-3522,-770,-177,92,61,263,-631
2357,1185,-3645,-676,-139,63,61,263,-631
2362,1177,-3679,-562,-110,27,61,263,-631
2291,1138,-3688,-457,-96,6,61,263,-631
2291,1098,-3745,-386,-82,-3,61,263,-631
2245,1062,-3711,-330,-56,-6,61,263,-631
2266,1020,-3711,-297,-22,-17,61,263,-631
2218,1047,-3732,-263,14,-33,61,263,-631
2234,956,-3693,-241,15,-50,61,263,-631
2234,881,-3613,-283,-53,-41,61,263,-631
2198,894,-3619,-373,-157,-24,61,263,-631
2184,910,-3571,-461,-229,-17,61,263,-631
2160,941,-3473,-525,-248,-3,61,263,-631
2159,1028,-3438,-559,-266,1,57,274,-631
2115,1059,-3430,-557,-330,-7,57,274,-631
2109,1135,-3418,-551,-354,-31,57,274,-631
2067,1149,-3417,-518,-349,-30,57,274,-631
2108,1185,-3438,-441,-319,-30,57,274,-631
2096,1152,-3425,-347,-271,-35,57,274,-631
2130,1161,-3477,-263,-223,-50,57,274,-631
2134,1112,-3463,-213,-234,-51,57,274,-631
2128,1067,-3473,-177,-285,-27,57,274,-631
2116,1070,-3514,-148,-298,4,57,274,-631
2111,1004,-3557,-136,-314,34,57,274,-631
2121,1001,-3526,-146,-342,61,57,274,-631
2102,933,-3543,-188,-409,103,57,274,-631
2143,934,-3569,-251,-505,132,57,274,-631
2081,1022,-3535,-301,-472,146,57,274,-631
2111,1078,-3539,-336,-469,149,57,274,-631
2034,1093,-3573,-349,-375,137,56,271,-624
2130,1093,-3591,-263,-396,119,56,271,-624
2096,961,-3597,-211,-505,131,56,271,-624
2097,907,-3625,-245,-665,201,56,271,-624
2122,905,-3569,-317,-812,210,56,271,-624
2093,974,-3696,-397,-887,238,56,271,-624
2108,1136,-3697,-434,-803,223,56,271,-624
2164,1127,-3710,-424,-777,198,56,271,-624
2112,1101,-3742,-440,-791,180,56,271,-624
2158,1061,-3681,-415,-863,171,56,271,-624
2117,942,-3735,-414,-963,166,56,271,-624
2041,961,-3709,-522,-976,224,56,271,-624
2083,1125,-3679,-572,-896,238,56,271,-624
2101,1252,-3643,-625,-869,220,56,271,-624
2086,1305,-3580,-625,-851,161,56,271,-624
2065,1179,-3472,-526,-979,130,56,271,-624
2076,804,-3305,-469,-1266,250,36,282,-624
1901,568,-3479,-815,-1415,398,36,282,-624
1925,952,-3548,-1003,-1303,481,36,282,-624
1981,1253,-3501,-926,-1110,485,36,282,-624
1988,1413,-3587,-825,-913,448,36,282,-624
2118,1515,-3637,-731,-836,368,36,282,-624
2134,1510,-3670,-538,-948,305,36,282,-624
2160,1381,-3743,-427,-1125,268,36,282,-624
2075,1281,-3786,-387,-1214,231,36,282,-624
2020,1113,-3829,-394,-1286,199,36,282,-624
2030,1022,-3753,-416,-1374,208,36,282,-624
2029,1068,-3783,-431,-1426,225,36,282,-624
2006,1080,-3750,-391,-1494,234,36,282,-624
1976,1069,-3688,-414,-1628,243,36,282,-624
1970,1099,-3760,-456,-1780,257,36,282,-624
1986,1039,-3784,-514,-1861,257,11,295,-625
1940,950,-3795,-579,-1972,274,11,295,-625
1879,952,-3783,-718,-2039,273,11,295,-625
1883,997,-3752,-904,-2114,251,11,295,-625
1831,1123,-3741,-942,-2168,305,11,295,-625
1753,1148,-3735,-878,-2116,332,11,295,-625
1803,1141,-3666,-865,-2147,356,11,295,-625
1837,1230,-3719,-835,-2124,401,11,295,-625
1760,1329,-3750,-793,-2052,362,11,295,-625
1824,1246,-3678,-732,-1989,376,11,295,-625
1882,1251,-3621,-728,-2063,341,11,295,-625
1807,1350,-3691,-644,-2039,314,11,295,-625
1790,1293,-3758,-492,-1973,287,11,295,-625
1789,1168,-3739,-406,-1919,248,11,295,-625
1792,1130,-3720,-411,-1963,254,11,295,-625
1709,1121,-3705,-437,-1958,237,11,295,-625
1708,1127,-3743,-427,-1892,241,-20,301,-623
1684,1182,-3740,-392,-1823,236,-20,301,-623
1723,1159,-3843,-346,-1766,247,-20,301,-623
1724,1158,-3840,-333,-1742,251,-20,301,-623
1700,1128,-3926,-316,-1737,263,-20,301,-623
1664,1091,-3968,-304,-1758,272,-20,301,-623
1697,1098,-3946,-309,-1818,284,-20,301,-623
1626,1104,-3986,-270,-1778,324,-20,301,-623
1622,1169,-3958,-163,-1760,364,-20,301,-623
1670,1089,-4024,-49,-1755,384,-20,301,-623
1712,1016,-3966,-63,-1747,422,-20,301,-623
1709,956,-3937,-152,-1754,411,-20,301,-623
1745,1031,-3889,-249,-1839,399,-20,301,-623
1689,1145,-4009,-341,-1848,395,-20,301,-623
1770,1225,-4020,-388,-1933,346,-20,301,-623
1787,1256,-4056,-362,-2002,300,-20,301,-623
1740,1251,-4066,-324,-2011,269,-59,309,-622
1702,1167,-4050,-280,-2033,259,-59,309,-622
1606,1071,-4181,-256,-1995,273,-59,309,-622
1511,1044,-4206,-263,-1900,287,-59,309,-622
1493,1068,-4138,-200,-1786,323,-59,309,-622
1537,1008,-4049,-179,-1752,324,-59,309,-622
1532,967,-3984,-230,-1718,334,-59,309,-622
1659,1051,-4166,-336,-1426,316,-59,309,-622
1336,1043,-3980,-308,-1680,328,-59,309,-622
1506,1103,-4085,-366,-1670,278,-59,309,-622
1512,1089,-4081,-383,-1776,263,-59,309,-622
1422,1095,-4036,-339,-1762,258,-59,309,-622
1461,1056,-4131,-167,-1822,305,-59,309,-622
1446,1074,-4280,-118,-1894,309,-59,309,-622
1475,983,-4276,-224,-1916,301,-59,309,-622
1464,963,-4208,-369,-2027,301,-59,309,-622
1391,1065,-4315,-328,-2170,359,-93,317,-621
1356,1172,-4275,-255,-2285,448,-93,317,-621
1351,1352,-4207,-100,-2339,488,-93,317,-621
1313,1366,-4044,107,-2404,511,-93,317,-621
1262,1431,-3933,307,-2352,546,-93,317,-621
1234,1474,-3917,487,-2265,555,-93,317,-621
1132,1503,-3906,665,-2066,569,-93,317,-621
1172,1418,-3873,827,-1913,550,-93,317,-621
1208,1309,-3884,861,-1913,480,-93,317,-621
1157,1210,-3904,775,-1891,431,-93,317,-621
1125,1136,-3983,782,-1853,384,-93,317,-621
1080,1103,-3960,708,-1857,355,-93,317,-621
1137,1093,-4089,774,-1687,387,-93,317,-621
1100,882,-4062,739,-1708,362,-93,317,-621
1126,922,-4199,684,-1771,341,-93,317,-621
1045,916,-4228,644,-1815,339,-122,300,-616
962,869,-4152,636,-1810,361,-122,300,-616
978,742,-4092,668,-1741,389,-122,300,-616
763,710,-4199,740,-1689,511,-122,300,-616
795,640,-4117,765,-1616,616,-122,300,-616
788,644,-4124,744,-1574,668,-122,300,-616
777,655,-4106,698,-1481,775,-122,300,-616
736,846,-4131,748,-1418,887,-122,300,-616
764,932,-4084,823,-1295,994,-122,300,-616
905,1067,-4115,895,-1250,994,-122,300,-616
791,1274,-3998,1005,-1084,1004,-122,300,-616
908,1169,-4054,1077,-1190,946,-122,300,-616
950,1108,-4040,1049,-1264,879,-122,300,-616
812,1078,-3937,1007,-1259,850,-122,300,-616
718,1107,-4000,1029,-1074,846,-122,300,-616
708,1031,-3910,1073,-992,835,-122,300,-616
798,1038,-3960,1089,-896,787,-147,287,-622
748,1047,-3955,1062,-764,762,-147,287,-622
866,1075,-4043,1110,-708,682,-147,287,-622
836,937,-4018,1042,-678,617,-147,287,-622
984,939,-4145,971,-749,490,-147,287,-622
852,950,-4164,916,-759,410,-147,287,-622
873,925,-4219,902,-699,363,-147,287,-622
872,827,-4210,874,-711,316,-147,287,-622
868,809,-4259,813,-666,308,-147,287,-622
733,772,-4320,883,-711,340,-147,287,-622
885,712,-4242,959,-813,354,-147,287,-622
796,593,-4214,936,-905,364,-147,287,-622
828,584,-4118,953,-1015,361,-147,287,-622
713,557,-4109,1005,-1021,402,-147,287,-622
747,573,-4069,1010,-1016,444,-147,287,-622
659,587,-4133,1004,-1036,463,-147,287,-622
648,578,-4029,933,-942,478,-156,269,-634
580,569,-4025,936,-915,473,-156,269,-634
563,584,-4021,919,-840,464,-156,269,-634
643,565,-4007,810,-736,429,-156,269,-634
634,510,-4044,703,-743,372,-156,269,-634
595,499,-3992,567,-703,326,-156,269,-634
532,467,-3988,465,-642,303,-156,269,-634
552,522,-3998,448,-554,306,-156,269,-634
578,528,-3996,416,-510,306,-156,269,-634
587,548,-3997,380,-478,292,-156,269,-634
586,588,-4047,349,-439,276,-156,269,-634
592,633,-4048,365,-383,259,-156,269,-634
613,579,-4093,395,-358,249,-156,269,-634
604,530,-4117,408,-349,245,-156,269,-634
602,497,-4109,372,-343,242,-156,269,-634
621,493,-4080,406,-297,250,-156,269,-634
585,478,-4085,431,-253,264,-163,251,-634
619,475,-4115,432,-209,263,-163,251,-634
597,474,-4185,397,-156,268,-163,251,-634
636,416,-4152,389,-143,264,-163,251,-634
695,431,-4153,350,-166,246,-163,251,-634
724,334,-4198,301,-165,260,-163,251,-634
684,359,-4194,256,-149,259,-163,251,-634
640,377,-4269,208,-142,255,-163,251,-634
682,380,-4328,157,-143,249,-163,251,-634
682,385,-4306,113,-149,240,-163,251,-634
665,376,-4332,55,-116,236,-163,251,-634
642,404,-4281,41,-114,242,-163,251,-634
670,421,-4284,17,-123,252,-163,251,-634
682,460,-4255,-30,-146,254,-163,251,-634
700,532,-4249,-32,-141,258,-163,251,-634
665,541,-4196,-21,-117,264,-163,251,-634
662,597,-4202,-24,-80,267,-168,252,-635
682,631,-4266,-28,-41,273,-168,252,-635
691,646,-4269,-22,-14,272,-168,252,-635
740,694,-4274,-4,10,260,-168,252,-635
740,674,-4261,12,35,256,-168,252,-635
723,698,-4262,14,51,244,-168,252,-635
755,708,-4297,20,58,219,-168,252,-635
772,676,-4310,37,53,203,-168,252,-635
784,633,-4355,16,46,190,-168,252,-635
792,638,-4338,-33,43,174,-168,252,-635
764,642,-4404,-67,66,153,-168,252,-635
767,641,-4328,-115,89,135,-168,252,-635
722,651,-4342,-150,118,112,-168,252,-635
691,680,-4309,-164,145,106,-168,252,-635
707,701,-4317,-165,144,93,-168,252,-635
684,684,-4340,-146,140,74,-168,252,-635
672,638,-4346,-161,136,65,-168,252,-635
684,643,-4369,-183,151,50,-168,252,-635
677,671,-4365,-198,175,51,-168,252,-635
644,671,-4291,-228,203,36,-168,252,-635
679,695,-4231,-209,193,47,-168,252,-635
672,688,-4309,-133,184,65,-168,252,-635
666,691,-4223,-80,149,94,-168,252,-635
646,696,-4251,-46,122,100,-168,252,-635
659,687,-4229,-62,115,102,-168,252,-635
667,760,-4206,-68,127,105,-168,252,-635
635,767,-4214,-33,145,101,-168,252,-635
620,781,-4173,5,161,101,-168,252,-635
621,717,-4067,30,196,105,-168,252,-635
602,723,-4118,55,212,116,-168,252,-635
616,694,-4171,63,206,118,-168,252,-635
643,702,-4229,68,207,122,-168,252,-635
670,705,-4257,10,199,96,-168,252,-635
673,696,-4304,-40,204,76,-159,247,-641
644,697,-4360,-58,231,64,-159,247,-641
688,676,-4435,-70,241,46,-159,247,-641
687,655,-4410,-103,222,35,-159,247,-641
660,638,-4414,-140,215,17,-159,247,-641
664,661,-4438,-179,236,9,-159,247,-641
704,693,-4425,-207,274,-9,-159,247,-641
753,727,-4384,-220,340,-27,-159,247,-641
753,760,-4414,-222,409,-48,-159,247,-641
755,740,-4432,-219,501,-66,-159,247,-641
765,724,-4402,-225,619,-86,-159,247,-641
835,745,-4432,-229,659,-103,-159,247,-641
901,732,-4422,-203,655,-139,-159,247,-641
920,682,-4369,-156,593,-158,-159,247,-641
904,575,-4325,-118,507,-165,-159,247,-641
853,525,-4389,-128,437,-134,-159,247,-641
786,564,-4404,-204,443,-98,-155,256,-637
809,679,-4374,-229,455,-73,-155,256,-637
818,790,-4324,-164,445,-58,-155,256,-637
845,810,-4350,-74,426,-59,-155,256,-637
810,803,-4333,-13,374,-69,-155,256,-637
751,756,-4316,18,339,-86,-155,256,-637
757,713,-4330,42,295,-83,-155,256,-637
740,669,-4324,71,257,-91,-155,256,-637
743,663,-4335,130,239,-82,-155,256,-637
708,596,-4283,170,239,-73,-155,256,-637
696,530,-4242,163,230,-56,-155,256,-637
683,510,-4275,124,225,-47,-155,256,-637
680,541,-4253,84,245,-41,-155,256,-637
669,564,-4236,116,280,0,-155,256,-637
646,523,-4194,154,294,37,-155,256,-637
668,540,-4232,191,304,71,-155,256,-637
677,542,-4254,204,319,97,-148,250,-647
723,494,-4243,184,310,108,-148,250,-647
690,552,-4229,168,295,117,-148,250,-647
725,572,-4225,181,299,126,-148,250,-647
719,572,-4250,203,300,133,-148,250,-647
728,585,-4189,220,310,153,-148,250,-647
743,631,-4168,249,351,166,-148,250,-647
786,540,-4143,278,364,179,-148,250,-647
776,525,-4155,284,348,193,-148,250,-647
797,487,-4215,257,314,198,-148,250,-647
776,513,-4254,206,285,202,-148,250,-647
786,537,-4236,169,290,205,-148,250,-647
799,577,-4216,169,276,212,-148,250,-647
784,603,-4224,176,283,208,-148,250,-647
788,661,-4156,199,294,209,-148,250,-647
791,668,-4122,223,317,207,-148,250,-647
778,704,-4096,258,330,199,-135,234,-645
721,663,-4066,297,352,196,-135,234,-645
714,641,-4103,320,359,195,-135,234,-645
731,611,-4126,325,374,183,-135,234,-645
764,591,-4107,286,390,168,-135,234,-645
758,606,-4123,264,433,151,-135,234,-645
763,596,-4090,278,457,148,-135,234,-645
755,583,-4131,318,479,150,-135,234,-645
786,550,-4161,324,496,160,-135,234,-645
790,525,-4186,297,489,167,-135,234,-645
821,504,-4177,247,467,164,-135,234,-645
853,501,-4171,239,437,161,-135,234,-645
911,504,-4151,225,375,154,-135,234,-645
773,469,-4192,225,351,168,-135,234,-645
839,438,-4212,167,362,170,-135,234,-645
867,487,-4228,150,346,181,-135,234,-645
866,478,-4228,126,330,193,-132,237,-647
896,539,-4299,153,303,186,-132,237,-647
930,507,-4324,181,272,179,-132,237,-647
965,506,-4343,133,227,168,-132,237,-647
948,462,-4374,71,202,138,-132,237,-647
939,475,-4362,6,213,126,-132,237,-647
909,477,-4286,-46,218,110,-132,237,-647
944,504,-4249,-65,238,104,-132,237,-647
966,514,-4259,-81,249,98,-132,237,-647
982,487,-4274,-81,242,85,-132,237,-647
1014,500,-4302,-103,216,89,-132,237,-647
966,463,-4284,-112,206,87,-132,237,-647
966,458,-4319,-112,214,92,-132,237,-647
964,480,-4314,-95,221,102,-132,237,-647
992,480,-4326,-87,237,111,-132,237,-647
1002,464,-4311,-92,254,113,-132,237,-647
974,453,-4287,-103,261,120,-132,237,-647
974,449,-4314,-103,293,130,-132,237,-647
1006,498,-4300,-79,322,133,-132,237,-647
1005,507,-4286,-55,350,131,-132,237,-647
1069,435,-4257,-81,347,118,-132,237,-647
1052,417,-4295,-138,309,89,-132,237,-647
1074,379,-4302,-200,248,81,-132,237,-647
1038,384,-4352,-241,202,79,-132,237,-647
1051,400,-4334,-265,149,72,-132,237,-647
1037,419,-4396,-279,108,65,-132,237,-647
1059,429,-4440,-282,87,57,-132,237,-647
1058,427,-4453,-279,75,59,-132,237,-647
1023,425,-4438,-283,67,58,-132,237,-647
1001,391,-4425,-280,76,63,-132,237,-647
1041,394,-4386,-269,71,53,-132,237,-647
931,321,-4458,-282,104,70,-132,237,-647
948,386,-4402,-235,85,81,-132,237,-647
952,333,-4379,-265,108,82,-118,231,-644
955,392,-4449,-290,137,89,-118,231,-644
972,332,-4414,-314,156,90,-118,231,-644
929,301,-4444,-366,191,99,-118,231,-644
992,342,-4414,-406,208,105,-118,231,-644
934,234,-4451,-478,209,123,-118,231,-644
978,291,-4355,-541,205,126,-118,231,-644
1036,333,-4347,-597,191,124,-118,231,-644
1048,362,-4313,-669,192,109,-118,231,-644
1081,437,-4325,-694,161,91,-118,231,-644
1074,451,-4242,-714,157,81,-118,231,-644
1099,577,-4200,-673,118,65,-118,231,-644
1075,574,-4127,-614,123,76,-118,231,-644
1034,559,-4140,-519,112,95,-118,231,-644
1011,478,-4072,-473,110,108,-118,231,-644
945,530,-4064,-412,126,127,-118,231,-644
955,537,-4087,-315,138,138,-120,244,-640
1011,502,-4013,-236,117,137,-120,244,-640
977,454,-4044,-212,128,138,-120,244,-640
901,439,-4128,-193,148,150,-120,244,-640
873,357,-4143,-189,154,165,-120,244,-640
862,331,-4101,-198,191,187,-120,244,-640
851,310,-4117,-211,227,202,-120,244,-640
884,339,-4119,-206,268,208,-120,244,-640
905,365,-4154,-207,296,215,-120,244,-640
931,311,-4164,-216,282,206,-120,244,-640
933,314,-4167,-294,328,211,-120,244,-640
960,396,-4155,-338,330,199,-120,244,-640
939,385,-4119,-357,350,191,-120,244,-640
962,433,-4082,-354,356,195,-120,244,-640
1013,469,-4100,-282,354,208,-120,244,-640
1022,439,-4124,-322,364,199,-120,244,-640
1027,472,-4080,-341,356,204,-112,248,-647
1045,469,-4090,-332,324,205,-112,248,-647
995,528,-4097,-298,305,208,-112,248,-647
994,477,-4090,-252,314,217,-112,248,-647
1007,427,-4147,-201,279,235,-112,248,-647
1030,406,-4118,-177,228,246,-112,248,-647
1030,363,-4163,-242,175,254,-112,248,-647
1004,426,-4154,-291,142,256,-112,248,-647
1064,510,-4135,-296,123,247,-112,248,-647
1042,527,-4104,-282,126,245,-112,248,-647
1036,571,-4111,-261,106,233,-112,248,-647
1034,578,-4115,-252,92,228,-112,248,-647
1062,563,-4078,-272,88,222,-112,248,-647
1020,550,-4079,-249,86,221,-112,248,-647
1026,563,-4065,-222,89,224,-112,248,-647
1028,572,-4079,-198,102,241,-112,248,-647
1031,580,-4090,-188,105,243,-103,244,-638
1024,605,-4055,-189,113,252,-103,244,-638
1022,614,-4070,-150,128,255,-103,244,-638
1048,647,-4062,-145,124,246,-103,244,-638
1050,612,-4080,-151,105,242,-103,244,-638
1019,640,-4099,-143,94,228,-103,244,-638
1086,559,-4057,-194,133,225,-103,244,-638
1059,662,-4100,-212,95,210,-103,244,-638
1040,585,-4135,-229,109,209,-103,244,-638
987,665,-4119,-208,107,210,-103,244,-638
997,699,-4109,-169,128,217,-103,244,-638
1099,663,-4138,-183,106,206,-103,244,-638
1142,696,-4196,-201,91,195,-103,244,-638
1146,736,-4146,-202,63,173,-103,244,-638
1103,691,-4203,-193,74,175,-103,244,-638
1128,713,-4131,-207,54,174,-103,244,-638
1175,691,-4162,-247,41,169,-105,255,-642
1124,707,-4118,-236,40,175,-105,255,-642
1111,797,-4117,-214,46,179,-105,255,-642
1091,810,-4118,-189,39,175,-105,255,-642
1125,771,-4063,-204,64,176,-105,255,-642
1152,817,-4068,-198,68,165,-105,255,-642
1131,810,-4073,-184,95,162,-105,255,-642
1143,833,-4065,-161,107,167,-105,255,-642
1173,794,-4100,-154,111,154,-105,255,-642
1154,765,-4089,-172,113,154,-105,255,-642
1235,860,-4050,-203,105,129,-105,255,-642
1163,862,-4110,-200,95,119,-105,255,-642
1170,876,-4046,-195,74,95,-105,255,-642
1167,877,-4069,-183,77,83,-105,255,-642
1160,871,-4145,-224,71,77,-105,255,-642
1190,886,-4108,-248,57,54,-105,255,-642
1119,935,-4105,-204,71,40,-104,255,-647
1156,908,-4092,-149,63,34,-104,255,-647
1145,892,-4176,-48,36,35,-104,255,-647
1220,774,-4198,-115,16,14,-104,255,-647
1197,741,-4224,-144,-7,4,-104,255,-647
1240,786,-4201,-183,-8,-7,-104,255,-647
1171,793,-4188,-181,-11,-8,-104,255,-647
1161,811,-4119,-157,-27,-11,-104,255,-647
1176,769,-4136,-186,-16,-19,-104,255,-647
1151,769,-4120,-214,-8,-21,-104,255,-647
1168,763,-4072,-267,13,-26,-104,255,-647
1115,755,-4099,-263,9,-27,-104,255,-647
1201,863,-4005,-205,21,-23,-104,255,-647
1179,870,-3976,-122,18,-11,-104,255,-647
1193,827,-4056,-94,25,-14,-104,255,-647
1210,805,-4026,-140,37,-25,-104,255,-647
1181,815,-4108,-105,33,-45,-99,251,-643
1178,748,-4031,-86,29,-43,-99,251,-643
1214,790,-4048,-49,9,-42,-99,251,-643
1157,720,-4073,-73,45,-42,-99,251,-643
1178,702,-4033,-127,39,-56,-99,251,-643
1167,697,-4032,-144,54,-61,-99,251,-643
1180,689,-4066,-135,55,-64,-99,251,-643
1166,698,-4070,-134,55,-63,-99,251,-643
1175,675,-4075,-163,56,-72,-99,251,-643
1185,682,-4087,-187,47,-74,-99,251,-643
1193,680,-4093,-194,42,-83,-99,251,-643
1212,703,-4064,-155,27,-80,-99,251,-643
1182,690,-4070,-125,14,-82,-99,251,-643
1162,676,-4097,-120,6,-94,-99,251,-643
1141,646,-4100,-112,4,-91,-99,251,-643
1139,607,-4109,-99,-4,-103,-99,251,-643
1097,622,-4061,-76,-1,-91,-106,256,-642
1086,556,-4075,-77,12,-88,-106,256,-642
1101,527,-4078,-92,-22,-73,-106,256,-642
1081,528,-4124,-107,-19,-54,-106,256,-642
1107,565,-4094,-123,-27,-48,-106,256,-642
1079,566,-4126,-134,-25,-56,-106,256,-642
1045,571,-4101,-151,-20,-61,-106,256,-642
1065,584,-4102,-140,-7,-60,-106,256,-642
1048,576,-4116,-127,11,-51,-106,256,-642
1033,577,-4086,-103,13,-49,-106,256,-642
1030,571,-4138,-88,19,-42,-106,256,-642
1049,557,-4137,-86,39,-34,-106,256,-642
1109,539,-4151,-88,42,-25,-106,256,-642
1084,572,-4143,-80,32,-16,-106,256,-642
1103,620,-4194,-80,41,-7,-106,256,-642
1113,593,-4203,-85,25,-7,-106,256,-642
1127,615,-4164,-102,16,-12,-106,256,-642
1128,586,-4113,-127,12,-21,-106,256,-642
1098,625,-4200,-99,16,-23,-106,256,-642
1141,660,-4182,-51,9,-12,-106,256,-642
1158,614,-4213,-48,-7,-9,-106,256,-642
1156,619,-4252,-47,-24,-13,-106,256,-642
1138,648,-4194,-50,-33,-17,-106,256,-642
1121,646,-4200,-27,-30,-14,-106,256,-642
1083,676,-4186,6,-27,-7,-106,256,-642
1118,609,-4185,20,-29,-17,-106,256,-642
1111,583,-4216,7,-38,-11,-106,256,-642
1117,588,-4227,-16,-36,-4,-106,256,-642
1099,563,-4241,-30,-27,-13,-106,256,-642
1125,574,-4256,-53,-21,-13,-106,256,-642
1110,569,-4249,-50,-20,-12,-106,256,-642
1104,558,-4215,-63,-12,-18,-106,256,-642
1074,529,-4203,-89,-2,-22,-106,256,-642
1069,538,-4194,-117,-3,-19,-102,251,-640
1093,522,-4158,-147,6,-19,-102,251,-640
1101,581,-4152,-170,26,-15,-102,251,-640
1098,625,-4117,-171,26,-7,-102,251,-640
1098,668,-4136,-172,34,-16,-102,251,-640
1097,632,-4178,-147,35,-23,-102,251,-640
1116,628,-4151,-120,41,-16,-102,251,-640
1125,612,-4197,-106,31,-24,-102,251,-640
1110,615,-4211,-102,18,-22,-102,251,-640
1137,600,-4206,-75,15,-22,-102,251,-640
1120,540,-4222,-75,19,-22,-102,251,-640
1103,517,-4246,-80,13,-20,-102,251,-640
1126,485,-4266,-109,0,-24,-102,251,-640
1115,503,-4244,-149,-3,-18,-102,251,-640
1114,482,-4260,-180,-4,-18,-102,251,-640
1094,536,-4229,-204,-6,-19,-102,251,-640
1106,553,-4193,-215,3,-20,-105,262,-642
1090,539,-4159,-243,20,-15,-105,262,-642
1066,600,-4110,-245,31,-15,-105,262,-642
1070,667,-4089,-209,45,-13,-105,262,-642
1100,646,-4084,-179,58,-5,-105,262,-642
1056,670,-4068,-160,56,-4,-105,262,-642
1104,682,-4097,-134,42,0,-105,262,-642
1082,675,-4083,-85,25,2,-105,262,-642
1102,709,-4099,-34,23,12,-105,262,-642
1075,635,-4071,1,16,12,-105,262,-642
1079,619,-4071,36,28,19,-105,262,-642
1077,590,-4107,33,27,21,-105,262,-642
1076,611,-4132,49,31,24,-105,262,-642
1085,576,-4123,61,31,27,-105,262,-642
1088,569,-4135,45,47,25,-105,262,-642
1079,585,-4178,33,54,19,-105,262,-642
1098,565,-4156,27,56,18,-103,259,-640
1079,582,-4180,39,60,18,-103,259,-640
1075,550,-4170,48,57,25,-103,259,-640
1067,529,-4205,49,57,23,-103,259,-640
1110,523,-4211,19,46,24,-103,259,-640
1073,525,-4221,-3,43,21,-103,259,-640
1073,523,-4201,4,35,26,-103,259,-640
1037,517,-4158,13,41,28,-103,259,-640
1035,542,-4125,3,53,25,-103,259,-640
1042,532,-4091,-15,69,29,-103,259,-640
1034,521,-4132,-35,55,22,-103,259,-640
1009,501,-4084,-55,49,33,-103,259,-640
1022,534,-4078,-70,54,45,-103,259,-640
1037,569,-4089,-76,68,54,-103,259,-640
1044,587,-4110,-72,59,51,-103,259,-640
1072,608,-4069,-70,48,46,-103,259,-640
1039,592,-4111,-69,39,49,-103,259,-640
1065,618,-4089,-51,36,55,-99,249,-639
1035,613,-4069,-40,27,57,-99,249,-639
1033,620,-4021,-31,14,66,-99,249,-639
1053,650,-4046,-7,21,86,-99,249,-639
1053,650,-4046,-7,21,86,-99,249,-639
1059,668,-4072,40,12,98,-99,249,-639
1090,668,-4110,72,9,100,-99,249,-639
1105,682,-4090,82,12,90,-99,249,-639
1091,653,-4115,81,14,93,-99,249,-639
1138,627,-4159,87,17,88,-99,249,-639
1110,626,-4170,83,30,93,-99,249,-639
1115,600,-4162,46,31,77,-99,249,-639
1146,608,-4190,48,27,72,-99,249,-639
1095,588,-4221,40,20,75,-99,249,-639
1138,582,-4248,16,23,73,-99,249,-639
1125,612,-4201,-7,32,61,-99,249,-639
1125,612,-4201,-7,32,61,-99,249,-639
1115,602,-4241,-46,48,50,-99,249,-639
1115,630,-4221,-47,61,47,-104,259,-644
1120,648,-4200,-41,66,52,-104,259,-644
1116,644,-4196,-47,73,48,-104,259,-644
1102,616,-4236,-68,84,43,-104,259,-644
1145,679,-4201,-80,83,39,-104,259,-644
1112,669,-4196,-72,86,37,-104,259,-644
1126,666,-4223,-45,92,39,-104,259,-644
1128,673,-4259,-40,88,35,-104,259,-644
1145,678,-4262,-43,77,31,-104,259,-644
1152,677,-4260,-48,72,34,-104,259,-644
1164,617,-4270,-65,72,33,-104,259,-644
1160,711,-4215,-7,56,40,-104,259,-644
1202,669,-4300,41,45,47,-104,259,-644
1170,606,-4305,49,27,51,-104,259,-644
1165,582,-4305,43,26,60,-104,259,-644
1172,610,-4317,29,22,52,-104,259,-644
1151,617,-4333,16,11,49,-102,254,-645
1151,637,-4340,18,-2,45,-102,254,-645
1138,595,-4257,2,-10,29,-102,254,-645
1122,563,-4259,-21,0,31,-102,254,-645
1077,558,-4219,-43,31,27,-102,254,-645
1113,561,-4254,-63,46,26,-102,254,-645
1098,587,-4222,-68,55,22,-102,254,-645
1095,536,-4216,-73,58,18,-102,254,-645
1081,570,-4214,-75,56,26,-102,254,-645
1068,566,-4277,-93,70,24,-102,254,-645
1080,576,-4252,-104,78,27,-102,254,-645
1081,580,-4184,-124,83,30,-102,254,-645
1117,597,-4191,-130,94,21,-102,254,-645
1118,605,-4188,-126,100,25,-102,254,-645
1108,585,-4209,-126,98,22,-102,254,-645
1128,597,-4190,-116,99,28,-102,254,-645
1144,617,-4212,-101,87,40,-97,250,-642
1170,584,-4240,-112,71,27,-97,250,-642
1157,610,-4205,-115,50,33,-97,250,-642
1145,616,-4219,-117,32,25,-97,250,-642
1134,636,-4208,-104,34,30,-97,250,-642
1098,652,-4147,-120,37,18,-97,250,-642
1081,679,-4109,-110,45,17,-97,250,-642
1091,687,-4093,-77,51,23,-97,250,-642
1098,644,-4064,-53,56,24,-97,250,-642
1098,638,-4090,-73,43,30,-97,250,-642
1093,635,-4092,-113,52,27,-97,250,-642
1114,697,-4109,-139,62,16,-97,250,-642
1125,720,-4084,-126,61,8,-97,250,-642
1136,681,-4121,-108,50,6,-97,250,-642
1136,680,-4073,-105,47,6,-97,250,-642
1112,684,-4071,-116,56,3,-97,250,-642
1110,687,-4080,-115,61,5,-97,250,-642
1130,666,-4068,-108,58,-3,-102,258,-642
1125,664,-4087,-95,46,1,-102,258,-642
1139,675,-4098,-96,40,2,-102,258,-642
1140,668,-4091,-107,22,0,-102,258,-642
1112,708,-4081,-120,12,-2,-102,258,-642
1143,707,-4042,-125,8,-5,-102,258,-642
1127,727,-4057,-116,24,-6,-102,258,-642
1116,724,-4036,-103,25,-14,-102,258,-642
1101,689,-4027,-90,39,-9,-102,258,-642
1108,721,-4034,-76,39,-16,-102,258,-642
1132,688,-4061,-67,34,-24,-102,258,-642
1125,670,-4084,-80,27,-23,-102,258,-642
1170,687,-4067,-92,33,-28,-102,258,-642
1165,757,-4083,-98,31,-30,-102,258,-642
1166,762,-4087,-95,28,-39,-102,258,-642
1172,732,-4062,-79,22,-46,-102,258,-642
1145,689,-4089,-73,28,-46,-96,257,-650
1141,660,-4088,-66,38,-45,-96,257,-650
1120,666,-4101,-61,45,-41,-96,257,-650
1134,645,-4124,-69,41,-41,-96,257,-650
1139,675,-4114,-79,45,-38,-96,257,-650
1147,663,-4138,-78,41,-40,-96,257,-650
1150,683,-4110,-94,43,-52,-96,257,-650
1151,639,-4157,-66,37,-50,-96,257,-650
1164,652,-4198,-59,19,-54,-96,257,-650
1160,633,-4198,-58,9,-59,-96,257,-650
1175,642,-4166,-84,0,-70,-96,257,-650
1181,610,-4170,-79,-9,-78,-96,257,-650
1161,645,-4181,-68,-1,-75,-96,257,-650
1129,585,-4186,-53,3,-72,-96,257,-650
1139,573,-4174,-60,7,-74,-96,257,-650
1151,586,-4189,-78,10,-65,-96,257,-650
1109,566,-4180,-83,17,-62,-96,257,-650
1125,619,-4149,-70,15,-52,-93,251,-644
1135,601,-4211,-51,21,-45,-93,251,-644
1115,599,-4185,-40,16,-38,-93,251,-644
1139,577,-4175,-28,7,-38,-93,251,-644
1133,605,-4158,-36,9,-34,-93,251,-644
1143,589,-4200,-35,8,-33,-93,251,-644
1154,617,-4212,-23,12,-27,-93,251,-644
1142,593,-4166,-3,11,-29,-93,251,-644
1131,590,-4173,-12,10,-27,-93,251,-644
1126,566,-4223,-1,8,-27,-93,251,-644
1126,566,-4223,-1,8,-27,-93,251,-644
1105,560,-4206,-26,7,-26,-93,251,-644
1120,584,-4208,-50,13,-38,-93,251,-644
1130,569,-4138,-62,19,-38,-93,251,-644
1095,568,-4161,-65,21,-45,-93,251,-644
1119,582,-4164,-62,18,-36,-93,251,-644
1085,563,-4145,-63,29,-31,-93,251,-644
1079,571,-4129,-58,29,-27,-102,254,-645
1118,565,-4135,-48,27,-26,-102,254,-645
1122,547,-4172,-55,10,-26,-102,254,-645
1146,539,-4154,-62,-1,-17,-102,254,-645
1118,584,-4132,-62,-3,-15,-102,254,-645
1125,574,-4098,-57,0,-15,-102,254,-645
1104,574,-4112,-52,4,-10,-102,254,-645
1096,548,-4116,-57,11,-12,-102,254,-645
1123,552,-4126,-68,20,-4,-102,254,-645
1106,563,-4124,-84,23,-6,-102,254,-645
1120,572,-4155,-89,22,-2,-102,254,-645
1123,564,-4130,-94,26,-14,-102,254,-645
1145,564,-4180,-76,10,5,-102,254,-645
1115,583,-4165,-71,6,5,-102,254,-645
1115,583,-4165,-71,6,5,-102,254,-645
1149,586,-4155,-93,0,0,-102,254,-645
1141,584,-4144,-89,5,-4,-102,254,-645
1106,615,-4090,-72,20,7,-99,255,-647
1106,615,-4090,-72,20,7,-99,255,-647
1104,620,-4165,-50,23,14,-99,255,-647
1133,583,-4123,-43,27,11,-99,255,-647
1144,582,-4167,-48,9,4,-99,255,-647
1144,582,-4167,-48,9,4,-99,255,-647
1120,573,-4198,-71,3,5,-99,255,-647
1120,573,-4198,-71,3,5,-99,255,-647
1172,576,-4185,-75,3,5,-99,255,-647
1172,576,-4185,-75,3,5,-99,255,-647
1190,596,-4197,-77,9,6,-99,255,-647
1190,596,-4197,-77,9,6,-99,255,-647
1179,634,-4192,-86,13,7,-99,255,-647
1179,634,-4192,-86,13,7,-99,255,-647
1163,651,-4184,-75,9,5,-99,255,-647
1163,651,-4184,-75,9,5,-99,255,-647
1170,638,-4145,-49,9,-1,-99,255,-647
1170,638,-4145,-49,9,-1,-99,255,-647
1171,638,-4190,-30,3,-1,-99,255,-647
1171,638,-4190,-30,3,-1,-99,255,-647
1169,584,-4241,-39,-3,-2,-99,255,-647
1194,582,-4242,-42,-13,4,-99,255,-647
1178,621,-4247,-42,-12,4,-99,255,-647
1159,588,-4212,-40,-8,6,-94,250,-643
1159,588,-4212,-40,-8,6,-94,250,-643
1161,593,-4223,-38,8,7,-94,250,-643
1161,593,-4223,-38,8,7,-94,250,-643
1152,598,-4216,-45,25,3,-94,250,-643
1145,575,-4193,-44,27,2,-94,250,-643
1181,582,-4226,-53,24,2,-94,250,-643
1181,582,-4226,-53,24,2,-94,250,-643
1177,584,-4224,-78,20,-2,-94,250,-643
1162,602,-4181,-107,20,-7,-94,250,-643
1184,608,-4213,-117,21,-18,-94,250,-643
1175,657,-4216,-111,14,-22,-94,250,-643
1162,624,-4203,-90,21,-27,-94,250,-643
1161,597,-4125,-79,24,-16,-94,250,-643
1141,593,-4138,-74,33,-11,-94,250,-643
1134,611,-4111,-44,49,2,-94,250,-643
1156,603,-4118,-13,53,6,-94,250,-643
1183,576,-4176,-39,37,5,-94,250,-643
1176,614,-4185,-76,16,-11,-94,257,-640
1166,616,-4198,-100,-3,-21,-100,257,-640
1175,633,-4183,-94,-7,-30,-100,257,-640
1176,608,-4163,-73,1,-28,-100,257,-640
1154,593,-4144,-66,4,-31,-100,257,-640
1133,575,-4121,-66,15,-24,-100,257,-640
1117,579,-4111,-76,31,-19,-100,257,-640
1106,562,-4116,-87,30,-30,-100,257,-640
1135,551,-4142,-98,32,-20,-100,257,-640
1117,598,-4117,-99,25,-17,-100,257,-640
1117,592,-4103,-112,13,-21,-100,257,-640
1095,599,-4127,-124,8,-21,-100,257,-640
1092,614,-4133,-112,13,-20,-100,257,-640
1086,593,-4145,-105,14,-22,-100,257,-640
1093,622,-4114,-85,23,-14,-100,257,-640
1116,599,-4138,-77,26,-5,-100,257,-640
1104,597,-4120,-86,24,-4,-100,257,-640
1134,594,-4156,-87,27,5,-94,256,-641
1142,615,-4132,-76,18,1,-94,256,-641
1142,615,-4132,-76,18,1,-94,256,-641
1111,619,-4176,-66,19,-3,-94,256,-641
1119,638,-4137,-63,16,-5,-94,256,-641
1143,637,-4101,-57,24,-6,-94,256,-641
1124,642,-4121,-34,24,-3,-94,256,-641
1143,606,-4087,-17,12,-1,-94,256,-641
1136,599,-4132,-29,6,3,-94,256,-641
1136,599,-4132,-29,6,3,-94,256,-641
1124,600,-4174,-44,5,16,-94,256,-641
1124,600,-4174,-44,5,16,-94,256,-641
1159,633,-4149,-49,7,9,-94,256,-641
1159,633,-4149,-49,7,9,-94,256,-641
1170,632,-4158,-47,4,-3,-94,256,-641
1170,632,-4158,-47,4,-3,-94,256,-641
1137,611,-4219,-48,1,-14,-94,256,-641
1151,609,-4224,-60,3,-20,-94,256,-641
1155,604,-4179,-61,11,-21,-94,256,-641
1141,601,-4154,-78,20,-24,-94,256,-641
1168,616,-4131,-91,33,-31,-94,250,-644
1144,635,-4112,-93,38,-30,-94,250,-644
1123,611,-4150,-96,45,-31,-94,250,-644
1160,604,-4194,-87,42,-35,-94,250,-644
1125,588,-4180,-98,40,-32,-94,250,-644
1128,602,-4130,-96,35,-30,-94,250,-644
1114,587,-4209,-95,32,-21,-94,250,-644
1139,575,-4206,-101,20,-18,-94,250,-644
1128,576,-4239,-106,15,-19,-94,250,-644
1137,604,-4195,-109,16,-13,-94,250,-644
1166,646,-4212,-96,12,-15,-94,250,-644
1165,622,-4209,-90,4,-18,-94,250,-644
1164,597,-4171,-71,-1,-24,-94,250,-644
1154,602,-4166,-66,3,-23,-94,250,-644
1135,593,-4193,-62,4,-26,-94,250,-644
1159,605,-4137,-52,-2,-25,-94,250,-644
1178,588,-4158,-49,-15,-28,-98,257,-643
1197,583,-4151,-47,-16,-35,-98,257,-643
1168,582,-4149,-44,-9,-35,-98,257,-643
1172,597,-4181,-54,-3,-37,-98,257,-643
1179,574,-4200,-65,-2,-35,-98,257,-643
1152,604,-4143,-76,4,-35,-98,257,-643
1098,585,-4146,-72,2,-34,-98,257,-643
1128,568,-4102,-59,16,-16,-98,257,-643
1143,584,-4160,-61,22,-20,-98,257,-643
1157,579,-4142,-69,15,-19,-98,257,-643
1163,606,-4142,-80,18,-19,-98,257,-643
1158,619,-4150,-76,19,-18,-98,257,-643
1168,602,-4170,-81,11,-20,-98,257,-643
1164,601,-4185,-96,9,-27,-98,257,-643
1151,625,-4181,-97,19,-29,-98,257,-643
1143,599,-4138,-105,19,-31,-98,257,-643
1150,609,-4130,-83,24,-35,-98,257,-643
1127,598,-4147,-74,15,-34,-97,256,-652
1167,580,-4158,-82,3,-34,-97,256,-652
1141,569,-4169,-102,0,-34,-97,256,-652
1144,581,-4147,-108,-5,-37,-97,256,-652
1139,611,-4161,-100,-5,-31,-97,256,-652
1115,624,-4138,-78,-4,-40,-97,256,-652
1106,606,-4136,-65,-2,-33,-97,256,-652
1093,564,-4098,-71,0,-25,-97,256,-652
1120,566,-4120,-52,9,-14,-97,256,-652
1118,572,-4102,-48,17,-15,-97,256,-652
1128,591,-4078,-46,15,-13,-97,256,-652
1138,585,-4125,-46,15,-12,-97,256,-652
1126,562,-4163,-54,22,-13,-97,256,-652
1147,553,-4152,-67,21,-13,-97,256,-652
1153,587,-4193,-77,10,-17,-97,256,-652
1146,545,-4191,-88,5,-22,-97,256,-652
1145,554,-4183,-87,13,-24,-93,250,-646
1132,581,-4156,-89,20,-16,-93,250,-646
1146,588,-4185,-85,26,-13,-93,250,-646
1156,586,-4170,-85,27,-13,-93,250,-646
1155,591,-4148,-92,21,-21,-93,250,-646
1166,606,-4155,-101,20,-21,-93,250,-646
1163,600,-4161,-95,20,-22,-93,250,-646
1181,591,-4223,-82,17,-21,-93,250,-646
1129,596,-4173,-70,8,-15,-93,250,-646
1133,580,-4129,-64,10,-11,-93,250,-646
1112,593,-4198,-61,13,-10,-93,250,-646
1149,554,-4157,-54,26,-4,-93,250,-646
1130,574,-4176,-52,37,-3,-93,250,-646
1137,562,-4158,-57,26,-3,-93,250,-646
1151,546,-4188,-62,28,-6,-93,250,-646
1136,554,-4191,-64,21,-5,-93,250,-646
1141,557,-4220,-82,16,-1,-93,250,-646
1190,570,-4243,-98,11,-11,-99,255,-647
1193,608,-4198,-107,0,-10,-99,255,-647
1156,606,-4186,-113,-9,-20,-99,255,-647
1131,592,-4141,-102,-6,-22,-99,255,-647
1116,603,-4137,-88,14,-8,-99,255,-647
1094,575,-4125,-75,21,0,-99,255,-647
1109,582,-4123,-80,37,8,-99,255,-647
1140,590,-4155,-81,43,10,-99,255,-647
1163,631,-4119,-84,32,3,-99,255,-647
1156,617,-4182,-86,17,0,-99,255,-647
1156,617,-4182,-86,17,0,-99,255,-647
1176,631,-4132,-95,3,-8,-99,255,-647
1176,631,-4132,-95,3,-8,-99,255,-647
1141,612,-4104,-106,4,-15,-99,255,-647
1133,632,-4110,-103,9,-17,-99,255,-647
1142,633,-4095,-99,6,-16,-99,255,-647
1144,627,-4163,-87,4,-13,-99,255,-647
1112,587,-4120,-89,7,-15,-99,255,-647
1131,609,-4111,-89,19,-16,-94,255,-641
1156,604,-4140,-82,16,-11,-94,255,-641
1163,601,-4138,-65,21,-8,-94,255,-641
1150,609,-4181,-73,9,-18,-94,255,-641
1158,622,-4155,-85,1,-13,-94,255,-641
1149,638,-4126,-105,-10,-20,-94,255,-641
1141,616,-4149,-95,-9,-17,-94,255,-641
1151,609,-4084,-76,-1,-9,-94,255,-641
1151,609,-4084,-76,-1,-9,-94,255,-641
1128,631,-4127,-64,8,0,-94,255,-641
1128,631,-4127,-64,8,0,-94,255,-641
1132,644,-4095,-55,22,-5,-94,255,-641
1124,653,-4089,-58,22,-12,-94,255,-641
1135,621,-4109,-56,26,-8,-94,255,-641
1154,593,-4153,-48,19,-6,-94,255,-641
1163,593,-4173,-45,25,-10,-94,255,-641
1145,626,-4176,-40,26,0,-94,255,-641
1171,609,-4157,-44,20,-6,-94,255,-641
1139,610,-4166,-38,19,4,-92,250,-643
1198,646,-4184,-27,16,4,-92,250,-643
1197,623,-4196,-28,3,-6,-92,250,-643
1197,623,-4196,-28,3,-6,-92,250,-643
1194,599,-4223,-68,-28,-10,-92,250,-643
1158,600,-4138,-75,-25,-18,-92,250,-643
1167,611,-4180,-66,-30,-22,-92,250,-643
1143,607,-4145,-47,-18,-18,-92,250,-643
1181,558,-4152,-64,-23,-17,-92,250,-643
1149,558,-4114,-87,-11,-17,-92,250,-643
1168,603,-4139,-96,-2,-18,-92,250,-643
1130,627,-4147,-89,12,-11,-92,250,-643
1128,621,-4128,-81,11,-15,-92,250,-643
1136,612,-4180,-77,14,-16,-92,250,-643
1164,608,-4155,-84,9,-19,-92,250,-643
1143,585,-4166,-99,13,-20,-92,250,-643
1122,608,-4160,-103,12,-21,-92,250,-643
1123,598,-4172,-103,13,-18,-99,256,-646
1116,614,-4123,-91,9,-10,-99,256,-646
1134,581,-4159,-88,12,-14,-99,256,-646
1170,571,-4196,-91,16,-16,-99,256,-646
1133,579,-4169,-106,5,-16,-99,256,-646
1137,613,-4125,-112,13,-19,-99,256,-646
1116,595,-4154,-100,14,-7,-99,256,-646
1158,590,-4132,-96,14,-6,-99,256,-646
1160,582,-4151,-105,7,-6,-99,256,-646
1153,640,-4164,-96,2,-6,-99,256,-646
1153,640,-4164,-96,2,-6,-99,256,-646
1147,611,-4143,-84,-2,-10,-99,256,-646
1148,645,-4156,-68,-10,-10,-99,256,-646
1167,634,-4112,-61,-8,-18,-99,256,-646
1136,628,-4115,-54,-10,-17,-99,256,-646
1141,620,-4105,-45,-10,-13,-99,256,-646
1147,598,-4125,-35,-8,-10,-99,256,-646
1131,594,-4157,-21,-7,-3,-92,252,-649
1148,630,-4167,-21,-5,0,-92,252,-649
1148,630,-4167,-21,-5,0,-92,252,-649
1147,567,-4130,-24,5,-8,-92,252,-649
1147,567,-4130,-24,5,-8,-92,252,-649
1135,584,-4185,-38,-2,-7,-92,252,-649
1135,584,-4185,-38,-2,-7,-92,252,-649
1155,603,-4174,-55,5,-17,-92,252,-649
1142,576,-4198,-74,12,-13,-92,252,-649
1129,587,-4153,-85,13,-18,-92,252,-649
1130,579,-4147,-96,24,-19,-92,252,-649
1132,581,-4127,-95,34,-20,-92,252,-649
1133,595,-4172,-93,32,-17,-92,252,-649
1144,561,-4159,-93,33,-11,-92,252,-649
1159,579,-4180,-98,26,-7,-92,252,-649
1142,580,-4190,-96,20,-3,-92,252,-649
1163,614,-4206,-97,7,-11,-92,252,-649
1193,588,-4182,-96,0,-22,-92,252,-649
1179,600,-4133,-97,-9,-24,-92,252,-649
1136,609,-4229,-100,-3,-23,-92,252,-649
1130,613,-4158,-85,-8,-23,-92,252,-649
1132,600,-4133,-78,-1,-18,-92,252,-649
1127,593,-4171,-74,-1,-18,-92,252,-649
1152,580,-4139,-76,-1,-15,-92,252,-649
1123,616,-4123,-67,7,-16,-92,252,-649
1146,648,-4194,-58,-2,-10,-92,252,-649
1148,610,-4167,-59,-10,-26,-92,252,-649
1150,581,-4086,-95,6,-27,-92,252,-649
1128,606,-4120,-97,33,-25,-92,252,-649
1121,614,-4150,-75,42,-7,-92,252,-649
1151,581,-4161,-48,21,-10,-92,252,-649
1148,562,-4175,-71,18,-10,-92,252,-649
1157,562,-4148,-83,7,-7,-92,252,-649
1157,562,-4148,-83,7,-7,-92,252,-649
1116,581,-4157,-100,0,-1,-92,252,-649
1153,609,-4171,-101,6,-2,-92,252,-649
1150,646,-4171,-87,11,-9,-98,258,-646
1137,606,-4150,-83,3,-12,-98,258,-646
1117,603,-4101,-85,2,-13,-98,258,-646
1108,628,-4119,-92,10,-14,-98,258,-646
1124,612,-4124,-88,18,-10,-98,258,-646
1105,613,-4124,-79,27,-7,-98,258,-646
1101,630,-4118,-71,30,-13,-98,258,-646
1146,619,-4156,-55,19,-12,-98,258,-646
1149,603,-4176,-46,3,-14,-98,258,-646
1183,607,-4206,-43,-7,-14,-98,258,-646
1192,604,-4165,-59,-19,-9,-98,258,-646
1167,606,-4183,-62,-18,-13,-98,258,-646
1118,598,-4165,-70,-17,-13,-98,258,-646
1122,587,-4154,-64,-9,-13,-98,258,-646
1108,594,-4139,-57,-8,-11,-98,258,-646
1097,569,-4148,-57,9,-2,-98,258,-646
1097,569,-4148,-57,9,-2,-98,258,-646
1136,597,-4153,-58,0,-2,-96,254,-650
1136,597,-4153,-58,0,-2,-96,254,-650
1174,597,-4185,-80,-9,-9,-96,254,-650
1176,628,-4214,-92,-8,-13,-96,254,-650
1153,611,-4195,-82,-18,-9,-96,254,-650
1167,617,-4147,-70,-9,-8,-96,254,-650
1160,611,-4160,-76,-19,-17,-96,254,-650
1138,615,-4154,-76,-13,-16,-96,254,-650
1121,600,-4143,-62,-5,-18,-96,254,-650
1109,609,-4185,-59,15,-15,-96,254,-650
1144,583,-4137,-49,16,-13,-96,254,-650
1135,595,-4158,-52,28,-8,-96,254,-650
1184,563,-4175,-50,20,-3,-96,254,-650
1183,571,-4206,-71,12,-5,-96,254,-650
1172,572,-4215,-113,-4,-14,-96,254,-650
1162,581,-4214,-148,-10,-21,-96,254,-650
1204,619,-4133,-155,5,-26,-96,254,-650
1151,614,-4205,-142,7,-37,-93,254,-642
1105,630,-4096,-129,13,-33,-93,254,-642
1125,592,-4138,-108,19,-24,-93,254,-642
1102,614,-4109,-103,24,-20,-93,254,-642
1097,581,-4078,-88,36,-7,-93,254,-642
1100,587,-4135,-71,31,0,-93,254,-642
1100,587,-4135,-71,31,0,-93,254,-642
1148,602,-4157,-66,22,3,-93,254,-642
1148,602,-4157,-66,22,3,-93,254,-642
1164,615,-4221,-72,-3,-8,-93,254,-642
1164,615,-4221,-72,-3,-8,-93,254,-642
1161,606,-4189,-76,-30,-6,-93,254,-642
1185,590,-4196,-70,-46,-8,-93,254,-642
1169,586,-4168,-74,-42,-7,-93,254,-642
1149,598,-4150,-77,-31,-12,-93,254,-642
1131,635,-4093,-88,-23,-16,-93,254,-642
1124,623,-4065,-79,-6,-15,-93,254,-642
1086,623,-4086,-65,11,-9,-93,254,-642
1097,611,-4085,-58,31,-5,-93,254,-642
1092,606,-4093,-56,45,-4,-100,259,-642
1108,619,-4072,-53,53,-1,-100,259,-642
1163,600,-4143,-63,61,2,-100,259,-642
1164,615,-4162,-75,57,-9,-100,259,-642
1225,612,-4173,-86,53,-13,-100,259,-642
1208,626,-4158,-89,29,-17,-100,259,-642
1191,649,-4200,-89,7,-23,-100,259,-642
1200,621,-4198,-96,-2,-26,-100,259,-642
1191,617,-4151,-100,-13,-30,-100,259,-642
1178,630,-4178,-93,-7,-34,-100,259,-642
1139,583,-4115,-88,8,-30,-100,259,-642
1131,588,-4127,-78,24,-21,-100,259,-642
1110,604,-4133,-75,41,-18,-100,259,-642
1110,591,-4141,-71,49,-10,-100,259,-642
1169,616,-4185,-61,48,-9,-100,259,-642
1164,588,-4213,-73,46,-7,-100,259,-642
1174,593,-4235,-84,28,-6,-93,253,-650
1172,609,-4217,-97,4,-9,-93,253,-650
1172,609,-4217,-97,4,-9,-93,253,-650
1186,652,-4225,-91,-1,-13,-93,253,-650
1157,617,-4198,-83,-6,-9,-93,253,-650
1173,592,-4152,-84,4,-14,-93,253,-650
1132,585,-4171,-89,10,-11,-93,253,-650
1108,598,-4138,-94,18,-10,-93,253,-650
1124,606,-4098,-92,36,-13,-93,253,-650
1109,616,-4086,-79,42,-6,-93,253,-650
1140,598,-4157,-76,46,0,-93,253,-650
1140,598,-4157,-76,46,0,-93,253,-650
1181,633,-4191,-80,27,-14,-93,253,-650
1228,622,-4191,-98,4,-23,-93,253,-650
1224,600,-4239,-92,-18,-29,-93,253,-650
1200,640,-4226,-91,-32,-28,-93,253,-650
1220,648,-4168,-95,-37,-37,-93,253,-650
1191,638,-4170,-96,-40,-38,-93,253,-650
1179,659,-4129,-90,-39,-49,-92,252,-643
1137,628,-4139,-75,-28,-48,-92,252,-643
1094,611,-4064,-66,-15,-40,-92,252,-643
1119,600,-4101,-66,13,-30,-92,252,-643
1110,612,-4110,-61,22,-25,-92,252,-643
1105,584,-4145,-55,30,-20,-92,252,-643
1166,637,-4202,-53,24,-12,-92,252,-643
1199,588,-4186,-63,8,-20,-92,252,-643
1204,621,-4204,-94,-7,-25,-92,252,-643
1211,627,-4204,-98,-13,-35,-92,252,-643
1191,629,-4217,-97,-20,-36,-92,252,-643
1158,637,-4171,-86,-18,-35,-92,252,-643
1157,644,-4092,-86,-14,-39,-92,252,-643
1119,624,-4111,-83,-5,-40,-92,252,-643
1116,612,-4077,-68,11,-31,-92,252,-643
1112,593,-4095,-61,32,-27,-92,252,-643
1136,597,-4128,-53,47,-20,-96,259,-646
1139,609,-4122,-47,52,-21,-96,259,-646
1178,615,-4133,-63,40,-27,-96,259,-646
1204,633,-4163,-88,11,-35,-96,259,-646
1179,610,-4173,-106,-7,-40,-96,259,-646
1205,607,-4171,-96,-14,-39,-96,259,-646
1190,616,-4162,-86,-16,-37,-96,259,-646
1189,616,-4158,-77,-22,-42,-96,259,-646
1139,585,-4155,-83,-12,-48,-96,259,-646
1109,586,-4126,-82,-5,-50,-96,259,-646
1103,603,-4108,-74,12,-43,-96,259,-646
1095,574,-4058,-63,26,-35,-96,259,-646
1067,571,-4082,-59,48,-22,-96,259,-646
1103,566,-4120,-55,58,-18,-96,259,-646
1140,597,-4097,-52,63,-17,-96,259,-646
1143,584,-4170,-61,47,-18,-96,259,-646
1162,554,-4219,-78,31,-22,-96,259,-646
1170,600,-4198,-100,7,-25,-90,254,-649
1178,588,-4233,-109,4,-25,-90,254,-649
1168,585,-4163,-109,-3,-29,-90,254,-649
1125,600,-4151,-92,-1,-27,-90,254,-649
1122,593,-4151,-77,-10,-24,-90,254,-649
1119,608,-4123,-62,3,-19,-90,254,-649
1122,580,-4109,-66,18,-15,-90,254,-649
1093,587,-4107,-58,33,-8,-90,254,-649
1109,601,-4124,-46,39,-2,-90,254,-649
1178,575,-4176,-44,17,-11,-90,254,-649
1187,569,-4171,-83,-19,-19,-90,254,-649
1160,567,-4186,-117,-22,-17,-90,254,-649
1151,608,-4222,-130,-23,-22,-90,254,-649
1195,624,-4194,-108,-14,-22,-90,254,-649
1180,633,-4250,-97,-17,-27,-90,254,-649
1138,597,-4173,-92,-20,-22,-90,254,-649
1138,593,-4147,-94,-24,-20,-93,253,-643
1127,572,-4150,-94,1,-13,-93,253,-643
1124,612,-4155,-77,21,1,-93,253,-643
1159,615,-4154,-63,18,-7,-93,253,-643
1132,625,-4162,-61,17,-11,-93,253,-643
1165,619,-4173,-62,11,-13,-93,253,-643
1181,637,-4158,-56,6,-13,-93,253,-643
1179,634,-4149,-63,0,-20,-93,253,-643
1153,620,-4161,-86,-3,-21,-93,253,-643
1161,591,-4120,-101,3,-20,-93,253,-643
1151,625,-4138,-111,9,-24,-93,253,-643
1118,639,-4121,-100,11,-18,-93,253,-643
1151,629,-4140,-100,7,-25,-93,253,-643
1154,665,-4125,-108,0,-29,-93,253,-643
1138,622,-4163,-100,-6,-29,-93,253,-643
1139,635,-4173,-94,-11,-32,-93,253,-643
1160,661,-4171,-78,-15,-31,-93,253,-643
1168,614,-4134,-73,-17,-25,-96,261,-645
1140,605,-4069,-64,-13,-27,-96,261,-645
1128,590,-4119,-66,-11,-25,-96,261,-645
1118,596,-4101,-66,11,-19,-96,261,-645
1132,635,-4110,-81,21,-20,-96,261,-645
1126,612,-4085,-75,29,-21,-96,261,-645
1162,617,-4133,-68,17,-21,-96,261,-645
1146,605,-4167,-68,12,-20,-96,261,-645
1121,576,-4171,-75,-4,-18,-96,261,-645
1155,607,-4114,-94,-8,-13,-96,261,-645
1155,598,-4092,-93,-7,-9,-96,261,-645
1125,649,-4128,-82,-6,-12,-96,261,-645
1132,655,-4109,-63,-3,-11,-96,261,-645
1137,638,-4089,-47,7,-10,-96,261,-645
1138,629,-4130,-47,14,-13,-96,261,-645
1144,652,-4072,-39,18,-16,-96,261,-645
1150,649,-4148,-44,14,-13,-91,255,-647
1162,602,-4146,-50,12,-13,-91,255,-647
1149,569,-4149,-49,16,-11,-91,255,-647
1176,560,-4145,-61,20,-11,-91,255,-647
1141,597,-4152,-75,24,-14,-91,255,-647
1162,612,-4163,-86,31,-13,-91,255,-647
1180,598,-4170,-87,22,-20,-91,255,-647
1157,636,-4154,-94,21,-22,-91,255,-647
1167,635,-4166,-87,14,-32,-91,255,-647
1172,599,-4148,-79,24,-27,-91,255,-647
1152,601,-4138,-63,14,-33,-91,255,-647
1160,621,-4138,-57,4,-31,-91,255,-647
1158,609,-4158,-67,-1,-21,-91,255,-647
1153,558,-4175,-71,3,-24,-91,255,-647
1132,585,-4141,-78,-7,-20,-91,255,-647
1118,618,-4137,-83,-5,-19,-91,255,-647
1141,624,-4104,-74,-6,-16,-91,255,-647
1139,596,-4104,-69,0,-12,-91,251,-642
1155,628,-4125,-74,6,-17,-91,251,-642
1151,595,-4082,-78,8,-14,-91,251,-642
1135,630,-4149,-84,13,-17,-91,251,-642
1117,598,-4102,-83,13,-10,-91,251,-642
1138,623,-4164,-80,11,-13,-91,251,-642
1148,607,-4138,-93,3,-9,-91,251,-642
1148,607,-4138,-93,3,-9,-91,251,-642
1153,644,-4137,-109,10,-17,-91,251,-642
1167,657,-4077,-100,14,-14,-91,251,-642
1175,634,-4128,-89,16,-20,-91,251,-642
1152,620,-4106,-86,13,-22,-91,251,-642
1149,638,-4154,-88,15,-25,-91,251,-642
1149,667,-4140,-81,16,-27,-91,251,-642
1149,639,-4102,-81,15,-33,-91,251,-642
1159,658,-4153,-78,18,-31,-91,251,-642
1176,653,-4141,-80,14,-38,-91,251,-642
1136,615,-4127,-88,13,-33,-98,259,-646
1141,607,-4134,-85,12,-35,-98,259,-646
1121,626,-4115,-89,21,-33,-98,259,-646
1129,626,-4133,-86,19,-29,-98,259,-646
1141,626,-4109,-77,23,-30,-98,259,-646
1132,612,-4169,-64,25,-26,-98,259,-646
1152,617,-4174,-59,18,-34,-98,259,-646
1148,600,-4181,-59,8,-35,-98,259,-646
1130,606,-4195,-47,6,-28,-98,259,-646
1143,579,-4211,-47,1,-28,-98,259,-646
1140,586,-4191,-49,-1,-23,-98,259,-646
1162,571,-4209,-59,-2,-33,-98,259,-646
1115,590,-4170,-51,7,-22,-98,259,-646
1143,576,-4138,-56,11,-24,-98,259,-646
1104,581,-4199,-58,13,-20,-98,259,-646
1128,573,-4140,-66,18,-25,-98,259,-646
1134,571,-4168,-68,22,-16,-93,255,-647
1118,553,-4235,-58,18,-5,-93,255,-647
1151,547,-4201,-74,7,0,-93,255,-647
1151,547,-4201,-74,7,0,-93,255,-647
1154,597,-4163,-81,10,6,-93,255,-647
1180,617,-4199,-78,16,3,-93,255,-647
1197,610,-4161,-78,8,-2,-93,255,-647
1188,616,-4183,-78,6,-6,-93,255,-647
1188,616,-4183,-78,6,-6,-93,255,-647
1174,597,-4139,-76,14,-10,-93,255,-647
1162,610,-4110,-69,22,-13,-93,255,-647
1149,613,-4130,-68,28,-16,-93,255,-647
1142,592,-4158,-64,29,-21,-93,255,-647
1173,572,-4149,-89,14,-22,-93,255,-647
1164,563,-4186,-103,6,-24,-93,255,-647
1173,593,-4195,-112,8,-39,-93,255,-647
1199,630,-4207,-111,11,-33,-93,255,-647
1170,625,-4172,-107,14,-35,-93,255,-647
1146,576,-4126,-107,6,-30,-93,252,-644
1109,600,-4121,-104,7,-30,-93,252,-644
1119,619,-4120,-88,14,-19,-93,252,-644
1093,595,-4101,-74,31,-14,-93,252,-644
1123,616,-4104,-60,37,-9,-93,252,-644
1110,601,-4112,-49,41,-5,-93,252,-644
1137,570,-4157,-42,28,1,-93,252,-644
1137,570,-4157,-42,28,1,-93,252,-644
1163,543,-4202,-64,10,-5,-93,252,-644
1197,597,-4227,-94,-13,-9,-93,252,-644
1155,593,-4200,-100,-25,-7,-93,252,-644
1183,624,-4222,-101,-39,-12,-93,252,-644
1156,599,-4165,-90,-40,-8,-93,252,-644
1144,645,-4196,-93,-23,-18,-93,252,-644
1109,609,-4151,-106,-23,-14,-93,252,-644
1120,585,-4096,-99,-3,-16,-93,252,-644
1097,619,-4093,-86,11,-11,-93,252,-644
1112,573,-4066,-69,28,-7,-97,261,-648
1106,582,-4117,-76,34,0,-97,261,-648
1143,585,-4130,-105,39,3,-97,261,-648
1145,580,-4143,-116,45,6,-97,261,-648
1149,603,-4164,-120,37,11,-97,261,-648
1156,630,-4155,-111,27,5,-97,261,-648
1181,638,-4166,-101,16,1,-97,261,-648
1181,635,-4171,-96,10,-6,-97,261,-648
1202,667,-4143,-93,-5,-8,-97,261,-648
1202,667,-4143,-93,-5,-8,-97,261,-648
1147,665,-4131,-79,-7,-17,-97,261,-648
1138,631,-4124,-74,3,-24,-97,261,-648
1121,653,-4086,-70,9,-18,-97,261,-648
1109,609,-4077,-69,17,-21,-97,261,-648
1104,599,-4094,-64,30,-10,-97,261,-648
1135,639,-4092,-44,48,1,-97,261,-648
1135,639,-4092,-44,48,1,-97,261,-648
1159,627,-4130,-33,55,4,-97,261,-648
1188,592,-4163,-47,38,0,-91,255,-648
1171,575,-4202,-91,18,-9,-91,255,-648
1175,607,-4173,-103,5,-15,-91,255,-648
1182,628,-4155,-93,-7,-17,-91,255,-648
1189,662,-4176,-82,-14,-14,-91,255,-648
1173,662,-4129,-67,-11,-15,-91,255,-648
1180,641,-4176,-73,-16,-22,-91,255,-648
1139,624,-4095,-83,-6,-21,-91,255,-648
1081,597,-4111,-79,5,-17,-91,255,-648
1121,561,-4097,-62,20,-15,-91,255,-648
1122,587,-4140,-57,30,-6,-91,255,-648
1151,599,-4181,-72,37,-3,-91,255,-648
1157,601,-4172,-88,36,1,-91,255,-648
1157,601,-4172,-88,36,1,-91,255,-648
1200,585,-4236,-98,31,-4,-91,255,-648
1207,605,-4217,-101,17,-4,-91,255,-648
1166,594,-4180,-122,11,-14,-91,255,-648
1157,633,-4197,-125,11,-14,-91,255,-645
1168,649,-4178,-106,18,-21,-93,255,-645
1140,633,-4136,-92,28,-18,-93,255,-645
1134,624,-4142,-85,29,-16,-93,255,-645
1146,627,-4171,-81,36,-12,-93,255,-645
1141,625,-4112,-89,26,-10,-93,255,-645
1192,622,-4176,-93,15,-14,-93,255,-645
1198,629,-4176,-100,12,-10,-93,255,-645
1201,652,-4148,-102,8,-20,-93,255,-645
1172,655,-4115,-99,7,-18,-93,255,-645
1179,652,-4152,-93,7,-18,-93,255,-645
1142,636,-4104,-88,23,-19,-93,255,-645
1152,653,-4137,-67,24,-12,-93,255,-645
1137,623,-4117,-61,31,-12,-93,255,-645
1138,613,-4191,-55,30,-7,-93,255,-645
1199,620,-4143,-58,21,-14,-93,255,-645
1179,587,-4173,-77,18,-19,-93,255,-645
1193,586,-4184,-97,10,-19,-96,263,-647
1163,640,-4178,-118,1,-18,-96,263,-647
1205,631,-4192,-113,1,-24,-96,263,-647
1189,649,-4176,-106,7,-26,-96,263,-647
1199,642,-4102,-106,4,-29,-96,263,-647
1134,628,-4141,-100,8,-30,-96,263,-647
1150,598,-4131,-107,13,-29,-96,263,-647
1108,596,-4138,-105,27,-23,-96,263,-647
1109,631,-4107,-91,30,-16,-96,263,-647
1165,630,-4111,-87,35,-21,-96,263,-647
1181,609,-4163,-88,23,-20,-96,263,-647
1185,594,-4175,-122,11,-18,-96,263,-647
1202,579,-4168,-152,-5,-25,-96,263,-647
1161,604,-4159,-198,-16,-14,-96,263,-647
1148,689,-4170,-165,-6,-10,-96,263,-647
1156,686,-4133,-129,-10,-17,-96,263,-647
1142,627,-4109,-106,-4,-15,-91,256,-650
1139,599,-4078,-113,2,-13,-91,256,-650
1115,627,-4089,-115,12,-14,-91,256,-650
1121,651,-4125,-99,28,-11,-91,256,-650
1117,665,-4131,-74,39,0,-91,256,-650
1142,657,-4102,-55,42,-3,-91,256,-650
1139,608,-4106,-60,42,3,-91,256,-650
1163,636,-4108,-58,39,0,-91,256,-650
1163,636,-4108,-58,39,0,-91,256,-650
1199,614,-4198,-97,27,-12,-91,256,-650
1180,638,-4137,-135,7,-14,-91,256,-650
1188,628,-4151,-139,17,-36,-91,256,-650
1185,663,-4150,-113,16,-28,-91,256,-650
1152,642,-4168,-94,9,-26,-91,256,-650
1175,612,-4136,-104,10,-26,-91,256,-650
1149,611,-4144,-118,11,-31,-91,256,-650
1136,621,-4125,-113,16,-31,-91,256,-650
1138,645,-4145,-93,25,-28,-92,257,-645
1137,629,-4151,-73,37,-21,-92,257,-645
1141,641,-4135,-67,46,-19,-92,257,-645
1166,633,-4181,-66,44,-21,-92,257,-645
1166,595,-4167,-62,34,-20,-92,257,-645
1178,569,-4211,-83,1,-18,-92,257,-645
1156,584,-4206,-101,-15,-20,-92,257,-645
1175,645,-4210,-109,-23,-24,-92,257,-645
1178,633,-4175,-103,-15,-25,-92,257,-645
1182,626,-4175,-94,-14,-29,-92,257,-645
1151,634,-4131,-99,-9,-23,-92,257,-645
1132,639,-4095,-99,-4,-27,-92,257,-645
1129,634,-4089,-94,8,-24,-92,257,-645
1124,647,-4038,-79,25,-24,-92,257,-645
1131,628,-4100,-59,37,-22,-92,257,-645
1141,610,-4115,-62,47,-23,-92,257,-645
1187,579,-4155,-103,37,-27,-92,257,-645
1198,626,-4148,-125,33,-26,-97,262,-645
1191,638,-4190,-123,18,-33,-97,262,-645
1204,650,-4208,-125,8,-32,-97,262,-645
1217,620,-4194,-121,-5,-36,-97,262,-645
1165,616,-4184,-125,-1,-33,-97,262,-645
1145,629,-4136,-117,-3,-35,-97,262,-645
1171,618,-4131,-103,5,-23,-97,262,-645
1141,638,-4115,-83,15,-19,-97,262,-645
1153,651,-4101,-64,29,-14,-97,262,-645
1149,635,-4111,-49,29,-8,-97,262,-645
1163,653,-4164,-39,27,-3,-97,262,-645
1183,622,-4152,-40,27,-2,-97,262,-645
1157,639,-4165,-40,29,-9,-97,262,-645
1156,637,-4183,-38,23,-11,-97,262,-645
1168,631,-4169,-48,13,-16,-97,262,-645
1179,625,-4130,-58,12,-15,-97,262,-645
1131,606,-4191,-62,15,-13,-92,257,-648
1155,591,-4181,-77,18,-19,-92,257,-648
1149,638,-4140,-95,11,-17,-92,257,-648
1163,603,-4142,-111,26,-28,-92,257,-648
1188,616,-4108,-119,25,-29,-92,257,-648
1152,652,-4117,-120,30,-31,-92,257,-648
1149,647,-4145,-111,27,-32,-92,257,-648
1147,613,-4120,-107,19,-24,-92,257,-648
1152,608,-4125,-94,24,-26,-92,257,-648
1166,627,-4138,-82,25,-14,-92,257,-648
1156,640,-4124,-83,26,-5,-92,257,-648
1155,632,-4107,-71,26,-10,-92,257,-648
1145,670,-4148,-60,13,-5,-92,257,-648
1187,652,-4168,-42,3,-11,-92,257,-648
1176,631,-4159,-45,-13,-15,-92,257,-648
1183,657,-4175,-61,-25,-21,-92,257,-648
1163,588,-4133,-66,-11,-24,-92,257,-648
1152,636,-4105,-62,-15,-21,-89,258,-640
1144,609,-4111,-53,-3,-18,-89,258,-640
1138,618,-4156,-65,-2,-13,-89,258,-640
1142,619,-4124,-72,13,-13,-89,258,-640
1178,648,-4096,-84,19,-22,-89,258,-640
1172,663,-4153,-84,19,-26,-89,258,-640
1188,652,-4171,-79,12,-17,-89,258,-640
1164,635,-4180,-89,7,-25,-89,258,-640
1168,643,-4169,-89,0,-26,-89,258,-640
1182,605,-4145,-85,6,-23,-89,258,-640
1168,641,-4156,-65,4,-22,-89,258,-640
1180,618,-4157,-41,7,-13,-89,258,-640
1177,627,-4159,-43,12,-16,-89,258,-640
1158,639,-4158,-51,0,-16,-89,258,-640
1166,629,-4148,-55,0,-16,-89,258,-640
1172,634,-4106,-60,-1,-14,-89,258,-640
1168,614,-4141,-61,0,-18,-96,263,-645
1120,606,-4109,-67,9,-17,-96,263,-645
1125,603,-4158,-71,15,-18,-96,263,-645
1121,613,-4143,-76,22,-14,-96,263,-645
1148,623,-4084,-81,24,-10,-96,263,-645
1146,598,-4121,-80,22,-8,-96,263,-645
1154,615,-4120,-89,19,-9,-96,263,-645
1149,632,-4145,-84,21,-2,-96,263,-645
1168,643,-4138,-73,19,-2,-96,263,-645
1184,629,-4139,-49,10,1,-96,263,-645
1184,629,-4139,-49,10,1,-96,263,-645
1171,660,-4183,-48,-3,-4,-96,263,-645
1171,660,-4183,-48,-3,-4,-96,263,-645
1162,612,-4162,-52,-2,-4,-96,263,-645
1162,612,-4162,-52,-2,-4,-96,263,-645
1170,645,-4119,-50,2,-3,-96,263,-645
1170,645,-4119,-50,2,-3,-96,263,-645
1175,603,-4139,-53,7,-8,-96,263,-645
1175,603,-4139,-53,7,-8,-96,263,-645
1163,600,-4170,-86,12,-10,-96,263,-645
1169,625,-4131,-99,10,-17,-92,259,-646
1176,636,-4110,-107,19,-13,-92,259,-646
1154,628,-4099,-93,19,-17,-92,259,-646
1157,622,-4104,-84,19,-14,-92,259,-646
1171,622,-4131,-92,24,-10,-92,259,-646
1170,652,-4106,-90,25,-14,-92,259,-646
1164,665,-4105,-74,26,-20,-92,259,-646
1160,676,-4123,-60,18,-19,-92,259,-646
1158,591,-4155,-53,10,-11,-92,259,-646
1146,628,-4151,-48,7,-8,-92,259,-646
1146,628,-4151,-48,7,-8,-92,259,-646
1147,613,-4115,-52,19,-3,-92,259,-646
1163,612,-4106,-53,16,-5,-92,259,-646
1154,631,-4126,-62,14,-13,-92,259,-646
1167,663,-4125,-61,14,-9,-92,259,-646
1128,614,-4171,-56,18,-8,-92,259,-646
1166,659,-4185,-63,8,-7,-92,259,-646
1166,659,-4185,-63,8,-7,-92,259,-646
1140,620,-4161,-77,10,-4,-90,254,-642
1139,655,-4159,-75,9,-8,-90,254,-642
1139,655,-4159,-75,9,-8,-90,254,-642
1161,659,-4112,-60,12,-13,-90,254,-642
1180,645,-4132,-51,13,-12,-90,254,-642
1148,609,-4133,-63,11,-7,-90,254,-642
1179,631,-4140,-82,7,-19,-90,254,-642
1162,650,-4114,-92,5,-20,-90,254,-642
1132,646,-4085,-93,7,-24,-90,254,-642
1161,656,-4102,-75,9,-21,-90,254,-642
1144,659,-4138,-63,10,-18,-90,254,-642
1159,639,-4142,-65,-2,-23,-90,254,-642
1171,621,-4145,-65,-6,-21,-90,254,-642
1154,639,-4160,-57,-5,-17,-90,254,-642
1159,628,-4145,-53,2,-5,-90,254,-642
1159,628,-4145,-53,2,-5,-90,254,-642
1145,612,-4138,-42,8,-7,-90,254,-642
1145,612,-4138,-42,8,-7,-90,254,-642
1181,630,-4138,-28,4,-6,-90,254,-642
1181,630,-4138,-28,4,-6,-90,254,-642
1170,602,-4186,-35,-3,-5,-97,264,-644
1170,602,-4186,-35,-3,-5,-97,264,-644
1173,594,-4167,-45,-11,-8,-97,264,-644
1155,603,-4155,-60,-4,-10,-97,264,-644
1158,616,-4178,-60,4,-5,-97,264,-644
1158,616,-4178,-60,4,-5,-97,264,-644
1190,614,-4116,-63,12,-4,-97,264,-644
1177,609,-4141,-67,17,-11,-97,264,-644
1193,592,-4139,-68,18,-11,-97,264,-644
1167,588,-4163,-88,18,-13,-97,264,-644
1198,613,-4142,-98,16,-9,-97,264,-644
1162,607,-4178,-106,23,-14,-97,264,-644
1176,640,-4159,-98,16,-13,-97,264,-644
1176,618,-4124,-89,16,-16,-97,264,-644
1162,608,-4134,-82,18,-14,-97,264,-644
1145,609,-4163,-77,14,-7,-97,264,-644
1161,604,-4162,-68,6,-9,-97,264,-644
1161,604,-4162,-68,6,-9,-97,264,-644
1138,611,-4164,-82,0,-6,-91,257,-646
1138,611,-4164,-82,0,-6,-91,257,-646
1181,601,-4115,-78,-6,-7,-91,257,-646
1181,601,-4115,-78,-6,-7,-91,257,-646
1186,589,-4107,-81,-14,-12,-91,257,-646
1132,619,-4151,-89,-12,-13,-91,257,-646
1156,614,-4137,-92,-9,-11,-91,257,-646
1140,620,-4119,-84,-1,-9,-91,257,-646
1140,620,-4119,-84,-1,-9,-91,257,-646
1143,594,-4148,-67,-4,-2,-91,257,-646
1143,594,-4148,-67,-4,-2,-91,257,-646
1139,607,-4124,-77,0,0,-91,257,-646
1139,607,-4124,-77,0,0,-91,257,-646
1146,619,-4132,-82,7,7,-91,257,-646
1146,619,-4132,-82,7,7,-91,257,-646
1141,637,-4140,-77,13,3,-91,257,-646
1141,637,-4140,-77,13,3,-91,257,-646
1149,643,-4128,-75,12,2,-91,257,-646
1151,627,-4133,-71,16,2,-91,257,-646
1163,659,-4149,-62,22,4,-91,257,-646
1158,619,-4190,-69,6,-4,-91,257,-646
1158,619,-4190,-69,6,-4,-91,257,-646
1164,627,-4150,-85,7,-7,-93,255,-640
1164,627,-4150,-85,7,-7,-93,255,-640
1191,647,-4164,-86,5,-8,-93,255,-640
1191,647,-4164,-86,5,-8,-93,255,-640
1178,641,-4140,-90,2,-13,-93,255,-640
1176,634,-4138,-78,3,-13,-93,255,-640
1185,625,-4132,-95,4,-13,-93,255,-640
1150,653,-4147,-99,8,-11,-93,255,-640
1157,680,-4122,-94,21,-8,-93,255,-640
1135,653,-4114,-83,26,-11,-93,255,-640
1152,618,-4117,-63,25,-12,-93,255,-640
1189,639,-4130,-80,14,-12,-93,255,-640
1207,614,-4197,-96,7,-13,-93,255,-640
1178,639,-4168,-107,8,-17,-93,255,-640
1175,645,-4153,-102,-2,-20,-93,255,-640
1181,659,-4103,-87,0,-19,-93,255,-640
1149,641,-4115,-80,1,-21,-93,255,-640
1130,632,-4114,-79,7,-15,-93,255,-640
1150,619,-4063,-68,16,-1,-95,263,-645
1138,649,-4142,-51,24,1,-95,263,-645
1156,666,-4160,-41,30,5,-95,263,-645
1185,660,-4186,-52,25,-5,-95,263,-645
1217,627,-4152,-74,6,-12,-95,263,-645
1230,636,-4153,-92,13,-23,-95,263,-645
1207,634,-4191,-90,12,-25,-95,263,-645
1165,625,-4158,-79,9,-16,-95,263,-645
1153,619,-4139,-71,-11,-12,-95,263,-645
1167,623,-4110,-65,-10,-13,-95,263,-645
1161,621,-4070,-64,-1,-15,-95,263,-645
1129,623,-4094,-57,22,-8,-95,263,-645
1173,617,-4088,-56,32,-14,-95,263,-645
1157,634,-4097,-65,38,-8,-95,263,-645
1180,631,-4120,-80,35,-17,-95,263,-645
1195,619,-4140,-101,25,-20,-95,263,-645
1160,629,-4131,-115,14,-17,-95,263,-645
1185,641,-4113,-107,13,-23,-91,257,-647
1164,630,-4109,-99,13,-20,-91,257,-647
1145,637,-4143,-94,19,-20,-91,257,-647
1132,635,-4131,-91,21,-24,-91,257,-647
1142,647,-4090,-85,26,-21,-91,257,-647
1118,628,-4085,-78,30,-13,-91,257,-647
1110,629,-4107,-66,33,-9,-91,257,-647
1119,663,-4137,-65,38,-9,-91,257,-647
1162,625,-4145,-57,34,-6,-91,257,-647
1159,626,-4204,-62,32,-14,-91,257,-647
1188,630,-4204,-72,15,-21,-91,257,-647
1184,627,-4171,-90,5,-26,-91,257,-647
1187,658,-4139,-99,-4,-32,-91,257,-647
1158,649,-4092,-83,-1,-25,-91,257,-647
1166,636,-4120,-64,5,-19,-91,257,-647
1152,635,-4145,-48,18,-15,-91,257,-647
1126,640,-4138,-45,16,-10,-93,256,-642
1150,643,-4131,-33,25,-8,-93,256,-642
1197,628,-4162,-47,19,-2,-93,256,-642
1194,619,-4192,-63,14,-7,-93,256,-642
1196,625,-4208,-73,2,-10,-93,256,-642
1220,659,-4171,-64,-4,-5,-93,256,-642
1220,659,-4171,-64,-4,-5,-93,256,-642
1186,637,-4152,-51,-12,-14,-93,256,-642
1214,634,-4160,-55,-8,-16,-93,256,-642
1197,656,-4173,-69,-3,-25,-93,256,-642
1190,644,-4166,-79,2,-24,-93,256,-642
1165,632,-4149,-77,14,-27,-93,256,-642
1148,626,-4114,-72,16,-25,-93,256,-642
1143,612,-4129,-78,25,-28,-93,256,-642
1154,571,-4097,-85,32,-28,-93,256,-642
1173,628,-4164,-97,37,-28,-93,256,-642
1190,631,-4155,-84,36,-21,-93,256,-642
1232,626,-4178,-91,28,-27,-95,262,-647
1185,629,-4204,-94,16,-25,-95,262,-647
1194,661,-4143,-100,7,-33,-95,262,-647
1190,644,-4164,-98,-3,-37,-95,262,-647
1189,648,-4112,-87,-5,-34,-95,262,-647
1163,637,-4102,-77,2,-28,-95,262,-647
1154,646,-4115,-72,8,-26,-95,262,-647
1129,648,-4089,-67,15,-21,-95,262,-647
1141,651,-4123,-60,28,-21,-95,262,-647
1162,628,-4139,-56,13,-26,-95,262,-647
1175,648,-4168,-59,5,-29,-95,262,-647
1169,623,-4212,-78,-3,-31,-95,262,-647
1189,606,-4178,-81,-3,-39,-95,262,-647
1167,621,-4190,-73,-9,-35,-95,262,-647
1163,631,-4097,-61,-9,-36,-95,262,-647
1164,604,-4105,-54,-5,-21,-95,262,-647
1123,611,-4074,-51,-4,-21,-95,262,-647
1158,629,-4110,-52,3,-24,-91,254,-646
1149,614,-4130,-48,15,-24,-91,254,-646
1130,583,-4105,-46,24,-19,-91,254,-646
1137,597,-4133,-49,28,-15,-91,254,-646
1128,578,-4140,-77,27,-16,-91,254,-646
1137,587,-4128,-96,41,-11,-91,254,-646
1146,624,-4143,-98,40,-13,-91,254,-646
1197,636,-4167,-99,32,-17,-91,254,-646
1191,627,-4157,-94,23,-22,-91,254,-646
1168,637,-4156,-100,13,-28,-91,254,-646
1171,609,-4112,-96,10,-31,-91,254,-646
1142,616,-4109,-81,10,-21,-91,254,-646
1127,606,-4114,-69,20,-25,-91,254,-646
1156,616,-4057,-60,25,-12,-91,254,-646
1154,616,-4151,-53,18,-11,-91,254,-646
1171,595,-4148,-47,20,-4,-91,254,-646
1166,590,-4173,-51,4,-8,-95,256,-643
1166,590,-4173,-51,4,-8,-95,256,-643
1193,588,-4208,-54,-19,-9,-95,256,-643
1178,610,-4178,-76,-21,-15,-95,256,-643
1176,608,-4107,-97,-21,-16,-95,256,-643
1172,630,-4129,-94,-7,-17,-95,256,-643
1134,618,-4114,-79,1,-16,-95,256,-643
1139,629,-4130,-68,3,-5,-95,256,-643
1139,629,-4130,-68,3,-5,-95,256,-643
1153,631,-4129,-59,24,4,-95,256,-643
1176,637,-4147,-64,34,5,-95,256,-643
1162,659,-4186,-63,35,-5,-95,256,-643
1232,630,-4149,-62,26,-5,-95,256,-643
1219,625,-4211,-75,15,-14,-95,256,-643
1201,641,-4189,-75,2,-7,-95,256,-643
1201,641,-4189,-75,2,-7,-95,256,-643
1172,612,-4214,-83,5,-11,-95,256,-643
1238,646,-4155,-92,2,-16,-95,256,-643
1202,620,-4137,-103,-2,-18,-95,256,-643
1189,660,-4149,-102,-3,-24,-97,266,-645
1154,646,-4145,-89,16,-26,-97,266,-645
1114,633,-4097,-73,21,-26,-97,266,-645
1148,595,-4114,-68,28,-24,-97,266,-645
1137,598,-4092,-72,31,-15,-97,266,-645
1153,610,-4153,-74,30,-18,-97,266,-645
1154,624,-4180,-78,25,-6,-97,266,-645
1163,618,-4121,-93,22,-14,-97,266,-645
1188,642,-4134,-102,24,-16,-97,266,-645
1156,634,-4157,-100,24,-14,-97,266,-645
1168,596,-4146,-103,27,-18,-97,266,-645
1190,651,-4180,-111,23,-29,-97,266,-645
1194,645,-4169,-107,21,-34,-97,266,-645
1162,634,-4158,-95,22,-31,-97,266,-645
1176,624,-4105,-90,25,-22,-97,266,-645
1153,625,-4139,-68,27,-17,-97,266,-645
1160,620,-4118,-60,20,-15,-93,256,-646
1161,616,-4129,-60,10,-16,-93,256,-646
1178,621,-4142,-62,6,-13,-93,256,-646
1169,615,-4099,-66,16,-20,-93,256,-646
1145,610,-4141,-56,12,-16,-93,256,-646
1185,639,-4057,-55,13,-6,-93,256,-646
1145,621,-4142,-62,34,-14,-93,256,-646
1178,595,-4107,-64,21,-6,-93,256,-646
1181,624,-4138,-69,20,-13,-93,256,-646
1208,635,-4160,-75,13,-8,-93,256,-646
1177,621,-4181,-91,3,-13,-93,256,-646
1185,637,-4180,-100,-2,-19,-93,256,-646
1190,635,-4105,-100,-4,-26,-93,256,-646
1172,648,-4119,-81,3,-23,-93,256,-646
1164,662,-4088,-71,9,-19,-93,256,-646
1141,629,-4106,-64,15,-21,-93,256,-646
1177,628,-4112,-65,29,-18,-93,256,-646
1157,668,-4164,-65,25,-20,-91,256,-644
1180,639,-4134,-57,19,-21,-91,256,-644
1179,609,-4140,-54,2,-16,-91,256,-644
1167,631,-4162,-69,3,-24,-91,256,-644
1171,602,-4159,-89,-1,-22,-91,256,-644
1131,637,-4130,-92,4,-17,-91,256,-644
1160,643,-4101,-75,12,-22,-91,256,-644
1142,639,-4094,-61,13,-14,-91,256,-644
1151,635,-4150,-56,18,-13,-91,256,-644
1140,616,-4118,-74,26,-13,-91,256,-644
1150,613,-4150,-85,21,-13,-91,256,-644
1184,618,-4150,-76,15,-10,-91,256,-644
1191,615,-4194,-70,2,-17,-91,256,-644
1202,628,-4182,-81,-4,-19,-91,256,-644
1159,645,-4131,-101,-6,-26,-91,256,-644
1150,620,-4117,-109,8,-21,-91,256,-644
1160,634,-4087,-91,17,-21,-95,263,-649
1166,646,-4106,-72,25,-7,-95,263,-649
1132,640,-4123,-60,31,0,-95,263,-649
1132,640,-4123,-60,31,0,-95,263,-649
1188,639,-4094,-72,32,-9,-95,263,-649
1186,643,-4144,-78,28,-17,-95,263,-649
1217,687,-4099,-79,19,-13,-95,263,-649
1202,640,-4140,-69,18,-14,-95,263,-649
1189,659,-4157,-59,14,-21,-95,263,-649
1187,617,-4152,-59,25,-22,-95,263,-649
1160,630,-4130,-75,40,-20,-95,263,-649
1159,636,-4075,-52,68,-10,-95,263,-649
1199,658,-4135,-43,59,-12,-95,263,-649
1151,596,-4151,-51,40,-21,-95,263,-649
1157,642,-4250,-78,10,-21,-95,263,-649
1175,629,-4166,-77,-1,-16,-95,263,-649
1186,602,-4140,-81,4,-22,-95,263,-649
1180,622,-4166,-103,7,-29,-95,255,-649
1158,637,-4120,-116,15,-32,-91,255,-644
1160,624,-4078,-116,15,-36,-91,255,-644
1161,612,-4110,-99,17,-25,-91,255,-644
1156,615,-4098,-75,24,-19,-91,255,-644
1154,646,-4116,-68,36,-14,-91,255,-644
1160,616,-4128,-69,43,-9,-91,255,-644
1146,648,-4145,-61,38,-12,-91,255,-644
1180,611,-4109,-53,26,-12,-91,255,-644
1178,595,-4139,-66,13,-17,-91,255,-644
1175,593,-4163,-89,16,-16,-91,255,-644
1153,599,-4096,-104,17,-17,-91,255,-644
1191,615,-4138,-99,23,-15,-91,255,-644
1165,620,-4114,-92,33,-18,-91,255,-644
1152,615,-4074,-83,32,-6,-91,255,-644
1132,604,-4141,-87,34,1,-91,255,-644
1132,604,-4141,-87,34,1,-91,255,-644
1169,652,-4181,-74,42,8,-91,255,-644
1169,652,-4181,-74,42,8,-91,255,-644
1199,661,-4156,-39,30,4,-92,257,-644
1244,641,-4185,-40,13,0,-92,257,-644
1257,663,-4208,-72,-6,-14,-92,257,-644
1215,635,-4179,-97,-14,-26,-92,257,-644
1205,630,-4136,-97,-29,-29,-92,257,-644
1178,640,-4126,-89,-22,-30,-92,257,-644
1173,642,-4136,-84,-11,-28,-92,257,-644
1173,645,-4114,-88,-6,-26,-92,257,-644
1166,627,-4141,-95,5,-25,-92,257,-644
1161,665,-4083,-92,14,-20,-92,257,-644
1143,680,-4083,-76,31,-18,-92,257,-644
1161,663,-4084,-54,31,-14,-92,257,-644
1175,626,-4149,-44,20,-16,-92,257,-644
1191,602,-4163,-74,7,-20,-92,257,-644
1160,638,-4144,-97,4,-21,-92,257,-644
1186,617,-4125,-101,7,-21,-92,257,-644
1172,630,-4120,-91,15,-23,-93,262,-648
1163,650,-4141,-84,16,-19,-93,262,-648
1171,651,-4120,-81,14,-17,-93,262,-648
1183,605,-4130,-86,14,-19,-93,262,-648
1166,644,-4121,-81,33,-18,-93,262,-648
1150,628,-4122,-75,29,-20,-93,262,-648
1180,650,-4128,-70,35,-10,-93,262,-648
1177,663,-4122,-83,30,-19,-93,262,-648
1175,628,-4127,-88,33,-23,-93,262,-648
1166,600,-4159,-73,31,-29,-93,262,-648
1159,647,-4107,-82,35,-27,-93,262,-648
1180,612,-4125,-96,21,-33,-93,262,-648
1169,631,-4160,-111,37,-26,-93,262,-648
1152,636,-4168,-95,29,-33,-93,262,-648
1185,638,-4143,-74,33,-22,-93,262,-648
1170,586,-4122,-66,24,-20,-93,262,-648
1175,597,-4151,-75,17,-23,-90,258,-648
1173,600,-4123,-91,16,-19,-90,258,-648
1200,626,-4162,-92,17,-14,-90,258,-648
1195,638,-4173,-90,8,-19,-90,258,-648
1175,628,-4127,-93,7,-24,-90,258,-648
1170,641,-4119,-91,11,-19,-90,258,-648
1172,638,-4105,-70,19,-8,-90,258,-648
1169,644,-4088,-57,24,-16,-90,258,-648
1175,652,-4099,-48,28,-10,-90,258,-648
1171,627,-4147,-38,15,-4,-90,258,-648
1167,610,-4160,-55,9,-9,-90,258,-648
1167,610,-4160,-55,9,-9,-90,258,-648
1197,634,-4166,-71,8,-16,-90,258,-648
1179,659,-4188,-70,18,-17,-90,258,-648
1195,629,-4173,-56,13,-11,-90,258,-648
1189,630,-4158,-54,6,-13,-90,258,-648
1187,603,-4160,-71,8,-15,-90,258,-648
1147,613,-4177,-79,4,-7,-90,258,-636
1147,613,-4177,-79,4,-7,-90,258,-636
1172,595,-4173,-77,17,-4,-90,258,-636
1183,614,-4177,-69,15,-8,-90,258,-636
1201,603,-4175,-82,3,-8,-90,258,-636
1201,603,-4175,-82,3,-8,-90,258,-636
1193,625,-4179,-103,-3,-13,-90,258,-636
1193,640,-4155,-105,-2,-17,-90,258,-636
1218,658,-4147,-87,4,-15,-90,258,-636
1164,665,-4124,-81,1,-18,-90,258,-636
1189,649,-4109,-88,8,-16,-90,258,-636
1163,636,-4115,-88,10,-14,-90,258,-636
1179,657,-4126,-76,15,-14,-90,258,-636
1154,630,-4104,-66,25,-2,-90,258,-636
1173,647,-4102,-67,30,-8,-90,258,-636
1192,640,-4138,-76,26,-12,-90,258,-636
1193,668,-4092,-77,23,-25,-90,258,-636
1168,647,-4109,-68,16,-21,-90,258,-636
1179,664,-4136,-64,17,-19,-92,264,-649
1156,621,-4157,-62,13,-21,-92,264,-649
1159,628,-4105,-66,14,-21,-92,264,-649
1154,636,-4128,-74,23,-21,-92,264,-649
1173,621,-4099,-61,30,-22,-92,264,-649
1144,631,-4101,-57,32,-13,-92,264,-649
1159,619,-4104,-58,44,-9,-92,264,-649
1195,636,-4162,-67,30,-9,-92,264,-649
1185,604,-4155,-79,19,-7,-92,264,-649
1195,609,-4194,-84,5,-7,-92,264,-649
1195,609,-4194,-84,5,-7,-92,264,-649
1226,708,-4137,-77,-8,-16,-92,264,-649
1195,667,-4173,-63,-7,-23,-92,264,-649
1184,648,-4210,-50,-3,-26,-92,264,-649
1181,628,-4130,-49,3,-24,-92,264,-649
1155,627,-4105,-42,4,-17,-92,264,-649
1172,645,-4135,-33,9,-16,-92,264,-649
1184,626,-4086,-21,10,-20,-92,264,-649
1184,602,-4182,-33,2,-19,-89,254,-647
1181,602,-4152,-62,6,-20,-89,254,-647
1160,608,-4180,-70,10,-14,-89,254,-647
1187,591,-4167,-76,-1,-19,-89,254,-647
1147,609,-4179,-66,2,-12,-89,254,-647
1161,617,-4148,-77,2,-18,-89,254,-647
1153,616,-4122,-95,9,-17,-89,254,-647
1153,632,-4122,-97,13,-14,-89,254,-647
1152,637,-4130,-83,28,-16,-89,254,-647
1175,627,-4151,-71,37,-13,-89,254,-647
1173,616,-4172,-64,27,-14,-89,254,-647
1210,588,-4183,-80,7,-15,-89,254,-647
1217,607,-4197,-112,-5,-21,-89,254,-647
1228,609,-4161,-125,-12,-20,-89,254,-647
1203,670,-4153,-111,-12,-24,-89,254,-647
1195,634,-4108,-92,-5,-25,-89,254,-647
1198,631,-4147,-76,-3,-22,-92,259,-642
1173,620,-4166,-77,-3,-21,-92,259,-642
1192,615,-4119,-77,-6,-20,-92,259,-642
1200,640,-4121,-68,1,-18,-92,259,-642
1156,662,-4076,-50,13,-17,-92,259,-642
1175,644,-4123,-31,23,-24,-92,259,-642
1168,631,-4171,-30,17,-21,-92,259,-642
1165,625,-4122,-53,14,-22,-92,259,-642
1192,611,-4120,-80,10,-31,-92,259,-642
1179,604,-4147,-88,18,-39,-92,259,-642
1152,642,-4118,-75,21,-33,-92,259,-642
1167,615,-4120,-67,18,-27,-92,259,-642
1156,642,-4105,-67,20,-25,-92,259,-642
1134,648,-4089,-63,21,-21,-92,259,-642
1157,659,-4131,-59,22,-19,-92,259,-642
1154,618,-4070,-53,18,-22,-92,259,-642
1186,634,-4149,-45,6,-17,-92,259,-642
1171,602,-4146,-47,7,-22,-95,265,-645
1183,637,-4140,-53,5,-17,-95,265,-645
1189,659,-4185,-56,7,-19,-95,265,-645
1200,635,-4165,-49,8,-28,-95,265,-645
1198,637,-4147,-54,7,-26,-95,265,-645
1170,627,-4156,-53,5,-28,-95,265,-645
1175,635,-4125,-61,4,-33,-95,265,-645
1204,644,-4132,-69,14,-31,-95,265,-645
1190,636,-4170,-62,11,-26,-95,265,-645
1190,625,-4124,-60,8,-30,-95,265,-645
1178,641,-4147,-60,11,-34,-95,265,-645
1180,623,-4104,-67,16,-35,-95,265,-645
1185,641,-4117,-84,26,-35,-95,265,-645
1198,650,-4132,-83,31,-36,-95,265,-645
1184,667,-4119,-73,26,-36,-95,265,-645
1184,647,-4132,-64,18,-34,-95,265,-645
1233,625,-4190,-63,8,-37,-88,256,-644
1171,653,-4156,-71,11,-35,-88,256,-644
1187,640,-4146,-72,15,-39,-88,256,-644
1206,660,-4151,-60,13,-33,-88,256,-644
1177,636,-4152,-46,13,-38,-88,256,-644
1206,616,-4199,-56,6,-32,-88,256,-644
1208,603,-4191,-72,9,-36,-88,256,-644
1190,585,-4143,-81,5,-29,-88,256,-644
1199,608,-4141,-87,-3,-27,-88,256,-644
1196,629,-4149,-98,-2,-25,-88,256,-644
1175,616,-4134,-93,1,-22,-88,256,-644
1204,649,-4104,-88,-1,-23,-88,256,-644
1161,644,-4152,-75,13,-16,-88,256,-644
1157,616,-4106,-67,10,-14,-88,256,-644
1182,607,-4138,-66,7,-14,-88,256,-644
1206,649,-4133,-71,9,-14,-88,256,-644
1191,630,-4094,-72,12,-14,-88,256,-644
1166,668,-4152,-63,18,-18,-88,259,-642
1197,632,-4113,-60,20,-17,-88,259,-642
1168,631,-4141,-59,16,-15,-88,259,-642
1191,576,-4124,-67,18,-17,-88,259,-642
1168,616,-4128,-76,22,-13,-88,259,-642
1183,645,-4127,-78,28,-19,-88,259,-642
1188,630,-4102,-67,23,-19,-88,259,-642
1180,681,-4113,-69,14,-23,-88,259,-642
1188,626,-4119,-85,20,-19,-88,259,-642
1178,625,-4127,-88,20,-19,-88,259,-642
1166,640,-4087,-86,18,-20,-88,259,-642
1185,667,-4107,-92,21,-23,-88,259,-642
1199,664,-4088,-90,16,-34,-88,259,-642
1183,651,-4125,-93,10,-34,-88,259,-642
1151,643,-4079,-85,14,-32,-88,259,-642
1160,619,-4114,-75,16,-29,-88,259,-642
1142,643,-4076,-79,22,-28,-94,262,-645
1159,648,-4092,-89,27,-20,-94,262,-645
1180,628,-4083,-78,31,-27,-94,262,-645
1178,607,-4109,-75,32,-30,-94,262,-645
1166,648,-4163,-65,25,-25,-94,262,-645
1193,634,-4151,-77,12,-20,-94,262,-645
1193,632,-4157,-79,0,-21,-94,262,-645
1175,646,-4124,-74,-5,-19,-94,262,-645
1168,603,-4124,-65,-4,-14,-94,262,-645
1166,634,-4105,-56,3,-12,-94,262,-645
1181,619,-4128,-51,9,-10,-94,262,-645
1164,629,-4096,-53,17,-11,-94,262,-645
1211,635,-4107,-61,19,-12,-94,262,-645
1192,660,-4160,-56,20,-10,-94,262,-645
1194,654,-4146,-55,13,-15,-94,262,-645
1192,637,-4135,-61,9,-23,-94,262,-645
1224,639,-4120,-74,6,-22,-94,262,-645
1225,637,-4138,-78,0,-24,-94,262,-645
1183,633,-4086,-76,12,-27,-94,262,-645
1197,680,-4127,-72,18,-27,-94,262,-645
1181,667,-4123,-64,10,-30,-94,262,-645
1194,638,-4097,-70,10,-28,-94,262,-645
1175,609,-4066,-72,9,-29,-94,262,-645
1189,667,-4085,-79,14,-32,-94,262,-645
1173,672,-4073,-73,16,-36,-94,262,-645
1185,673,-4120,-52,10,-38,-94,262,-645
1154,656,-4105,-58,1,-41,-94,262,-645
1162,623,-4106,-72,4,-36,-94,262,-645
1151,633,-4100,-73,13,-36,-94,262,-645
1169,638,-4100,-71,14,-32,-94,262,-645
1178,622,-4135,-70,14,-28,-94,262,-645
1167,660,-4104,-74,20,-28,-94,262,-645
1187,633,-4149,-74,22,-32,-94,262,-645
1184,654,-4143,-75,17,-36,-90,258,-646
1180,663,-4142,-65,17,-41,-90,258,-646
1203,657,-4139,-53,7,-33,-90,258,-646
1209,634,-4138,-43,13,-36,-90,258,-646
1205,650,-4161,-37,5,-38,-90,258,-646
1190,608,-4200,-16,-3,-25,-90,258,-646
1191,614,-4179,-37,0,-41,-90,258,-646
1205,621,-4131,-65,2,-39,-90,258,-646
1187,634,-4149,-69,11,-41,-90,258,-646
1149,649,-4100,-52,22,-38,-90,258,-646
1199,627,-4193,-37,16,-35,-90,258,-646
1183,585,-4190,-52,14,-32,-90,258,-646
1167,609,-4148,-79,3,-39,-90,258,-646
1186,616,-4172,-89,3,-38,-90,258,-646
1186,653,-4163,-72,3,-35,-90,258,-646
1189,640,-4152,-52,17,-30,-90,258,-646
1169,613,-4146,-48,17,-34,-90,258,-646
1166,606,-4181,-59,23,-30,-90,258,-646
1182,606,-4163,-66,15,-28,-90,258,-646
1160,602,-4137,-67,9,-23,-90,258,-646
1176,639,-4155,-59,12,-24,-90,258,-646
1175,630,-4087,-68,10,-19,-90,258,-646
1202,650,-4111,-72,17,-29,-90,258,-646
1181,611,-4174,-65,14,-21,-90,258,-646
1206,622,-4188,-61,13,-26,-90,258,-646
1220,620,-4151,-64,16,-24,-90,258,-646
1200,634,-4152,-62,17,-31,-90,258,-646
1196,648,-4169,-63,5,-24,-90,258,-646
1189,632,-4101,-57,8,-27,-90,258,-646
1193,617,-4119,-42,10,-26,-90,258,-646
1160,629,-4144,-47,11,-24,-90,258,-646
1193,601,-4127,-52,10,-17,-90,258,-646
1203,627,-4157,-53,23,-22,-90,258,-646
1188,622,-4126,-50,20,-21,-88,255,-649
1180,600,-4169,-53,24,-30,-88,255,-649
1192,614,-4159,-68,20,-22,-88,255,-649
1156,609,-4149,-88,20,-25,-88,255,-649
1176,581,-4148,-88,19,-19,-88,255,-649
1148,641,-4153,-75,16,-15,-88,255,-649
1193,606,-4133,-67,21,-16,-88,255,-649
1213,605,-4136,-76,21,-14,-88,255,-649
1189,633,-4179,-81,20,-23,-88,255,-649
1159,633,-4158,-84,27,-28,-88,255,-649
1209,626,-4127,-84,24,-27,-88,255,-649
1166,618,-4148,-81,33,-29,-88,255,-649
1192,608,-4174,-72,31,-24,-88,255,-649
1194,604,-4156,-60,25,-24,-88,255,-649
1196,629,-4148,-57,26,-21,-88,255,-649
1212,591,-4195,-68,24,-16,-88,255,-649
1219,625,-4179,-74,9,-19,-88,254,-639
1194,649,-4170,-75,8,-15,-93,254,-639
1200,646,-4190,-65,9,-19,-93,254,-639
1203,625,-4191,-52,13,-19,-93,254,-639
1206,622,-4174,-63,-2,-21,-93,254,-639
1192,623,-4143,-79,3,-31,-93,254,-639
1179,617,-4143,-87,6,-37,-93,254,-639
1173,597,-4129,-83,24,-32,-93,254,-639
1160,614,-4111,-71,29,-22,-93,254,-639
1144,622,-4125,-63,24,-23,-93,254,-639
1159,633,-4101,-73,28,-22,-93,254,-639
1164,626,-4173,-78,25,-22,-93,254,-639
1164,604,-4199,-83,20,-18,-93,254,-639
1187,609,-4174,-88,12,-19,-93,254,-639
1172,610,-4155,-89,17,-17,-93,254,-639
1159,618,-4141,-99,19,-17,-93,254,-639
1181,610,-4118,-103,21,-21,-93,254,-639
1177,616,-4117,-97,31,-23,-93,261,-648
1156,602,-4110,-116,33,-17,-93,261,-648
1178,619,-4125,-120,43,-25,-93,261,-648
1147,604,-4143,-129,39,-25,-93,261,-648
1171,618,-4085,-137,46,-26,-93,261,-648
1173,626,-4113,-135,46,-25,-93,261,-648
1170,644,-4152,-121,35,-24,-93,261,-648
1175,639,-4143,-113,34,-24,-93,261,-648
1192,629,-4138,-109,31,-17,-93,261,-648
1170,614,-4108,-98,21,-20,-93,261,-648
1204,666,-4133,-84,17,-8,-93,261,-648
1196,637,-4181,-46,7,4,-93,261,-648
1196,637,-4181,-46,7,4,-93,261,-648
1197,603,-4158,-95,13,-16,-93,261,-648
1175,634,-4076,-114,6,-21,-93,261,-648
1163,660,-4106,-70,17,-13,-93,261,-648
1180,655,-4128,-39,20,-5,-93,261,-648
1203,605,-4142,-39,23,0,-90,257,-646
1199,626,-4184,-81,13,-11,-90,257,-646
1215,641,-4164,-111,13,-15,-90,257,-646
1195,639,-4109,-110,14,-12,-90,257,-646
1186,654,-4112,-85,24,-6,-90,257,-646
1202,643,-4173,-87,26,-12,-90,257,-646
1175,668,-4156,-108,26,-16,-90,257,-646
1209,674,-4164,-114,31,-28,-90,257,-646
1218,667,-4098,-91,29,-24,-90,257,-646
1212,663,-4139,-71,27,-23,-90,257,-646
1226,648,-4172,-76,24,-27,-90,257,-646
1212,604,-4140,-89,17,-25,-90,257,-646
1191,615,-4184,-104,16,-29,-90,257,-646
1203,652,-4154,-103,14,-20,-90,257,-646
1193,638,-4161,-99,12,-26,-90,257,-646
1196,634,-4127,-96,17,-23,-90,257,-646
1193,639,-4130,-109,16,-26,-90,261,-642
1210,604,-4137,-110,26,-22,-90,261,-642
1187,636,-4126,-99,29,-19,-90,261,-642
1224,626,-4135,-91,28,-19,-90,261,-642
1211,630,-4138,-107,26,-23,-90,261,-642
1216,613,-4151,-114,28,-27,-90,261,-642
1221,648,-4171,-108,19,-24,-90,261,-642
1192,666,-4156,-101,18,-23,-90,261,-642
1232,649,-4144,-87,9,-19,-90,261,-642
1210,647,-4109,-86,3,-21,-90,261,-642
1196,608,-4153,-92,6,-24,-90,261,-642
1173,619,-4093,-90,12,-20,-90,261,-642
1187,672,-4139,-85,15,-16,-90,261,-642
1202,658,-4135,-75,8,-20,-90,261,-642
1212,635,-4163,-70,11,-14,-90,261,-642
1190,618,-4132,-72,6,-21,-90,261,-642
1197,630,-4168,-74,2,-16,-90,261,-642
1194,644,-4164,-77,10,-14,-89,265,-649
1206,625,-4122,-74,4,-17,-89,265,-649
1192,664,-4104,-71,9,-18,-89,265,-649
1193,615,-4108,-73,1,-20,-89,265,-649
1195,622,-4084,-88,15,-20,-89,265,-649
1170,630,-4102,-93,21,-21,-89,265,-649
1177,608,-4120,-93,31,-21,-89,265,-649
1193,657,-4132,-83,34,-21,-89,265,-649
1217,651,-4134,-64,42,-4,-89,265,-649
1203,666,-4173,-64,40,-11,-89,265,-649
1198,652,-4203,-77,23,-22,-89,265,-649
1226,626,-4131,-85,6,-31,-89,265,-649
1166,577,-4120,-94,19,-22,-89,265,-649
1183,615,-4088,-96,35,-7,-89,265,-649
1172,643,-4142,-76,43,-2,-89,265,-649
1217,649,-4144,-70,26,-4,-89,265,-649
1210,659,-4187,-66,3,-4,-88,259,-646
1210,659,-4187,-66,3,-4,-88,259,-646
1224,652,-4151,-80,-12,-18,-88,259,-646
1197,656,-4135,-85,-12,-20,-88,259,-646
1187,629,-4112,-77,4,-24,-88,259,-646
1198,606,-4103,-66,7,-14,-88,259,-646
1168,628,-4095,-71,12,-4,-88,259,-646
1194,606,-4103,-80,13,1,-88,259,-646
1194,606,-4103,-80,13,1,-88,259,-646
1206,633,-4117,-82,19,-3,-88,259,-646
1211,657,-4138,-79,14,-15,-88,259,-646
1253,648,-4180,-81,13,-22,-88,259,-646
1201,646,-4151,-99,3,-26,-88,259,-646
1192,649,-4135,-99,3,-27,-88,259,-646
1168,647,-4089,-92,7,-18,-88,259,-646
1193,649,-4112,-73,4,-16,-88,259,-646
1214,649,-4099,-70,3,-11,-88,259,-646
1193,651,-4150,-80,8,-11,-88,259,-646
1188,653,-4111,-83,15,-15,-90,260,-644
1168,655,-4147,-81,8,-10,-90,260,-644
1173,642,-4116,-80,12,-18,-90,260,-644
1180,679,-4096,-75,15,-19,-90,260,-644
1198,651,-4087,-78,17,-20,-90,260,-644
1198,636,-4136,-65,19,-20,-90,260,-644
1194,640,-4151,-53,17,-15,-90,260,-644
1209,639,-4114,-59,12,-10,-90,260,-644
1209,635,-4125,-71,4,-14,-90,260,-644
1183,643,-4127,-77,3,-11,-90,260,-644
1179,625,-4161,-74,8,-11,-90,260,-644
1163,665,-4152,-65,10,-12,-90,260,-644
1177,639,-4085,-60,9,-13,-90,260,-644
1175,634,-4088,-60,12,-6,-90,260,-644
1152,646,-4109,-56,20,-7,-90,260,-644
1143,631,-4153,-45,34,2,-90,260,-644
1143,631,-4153,-45,34,2,-90,260,-644
1195,649,-4196,-14,24,1,-90,260,-644
1224,593,-4182,-37,-14,-6,-90,260,-644
1256,622,-4183,-94,-19,-14,-90,260,-644
1224,651,-4137,-114,-21,-22,-90,260,-644
1208,665,-4104,-112,-16,-26,-90,260,-644
1217,689,-4117,-81,-3,-22,-90,260,-644
1185,671,-4102,-77,-6,-23,-90,260,-644
1182,640,-4111,-79,-3,-24,-90,260,-644
1153,628,-4071,-80,3,-14,-90,260,-644
1172,638,-4132,-68,29,-10,-90,260,-644
1163,680,-4112,-66,36,-10,-90,260,-644
1212,656,-4120,-74,34,-10,-90,260,-644
1221,662,-4127,-76,28,-13,-90,260,-644
1242,652,-4155,-88,23,-14,-90,260,-644
1211,626,-4159,-87,8,-20,-90,260,-644
1239,654,-4206,-86,5,-19,-90,260,-644
1210,650,-4168,-81,-5,-20,-90,260,-644
1224,643,-4160,-88,-14,-22,-86,257,-646
1197,645,-4135,-85,-8,-27,-86,257,-646
1205,658,-4082,-78,-8,-23,-86,257,-646
1175,627,-4103,-68,7,-20,-86,257,-646
1173,659,-4110,-66,12,-9,-86,257,-646
1161,671,-4119,-65,16,-17,-86,257,-646
1166,659,-4130,-71,27,-19,-86,257,-646
1196,641,-4105,-64,22,-18,-86,257,-646
1187,647,-4154,-76,16,-22,-86,257,-646
1202,619,-4122,-77,20,-21,-86,257,-646
1199,628,-4146,-80,18,-29,-86,257,-646
1176,647,-4130,-81,6,-28,-86,257,-646
1182,622,-4084,-64,13,-21,-86,257,-646
1162,622,-4070,-56,21,-16,-86,257,-646
1170,632,-4051,-60,22,-11,-86,257,-646
1196,633,-4102,-58,31,-9,-86,257,-646
1187,632,-4121,-67,26,-9,-86,257,-646
1208,638,-4147,-63,7,-18,-86,257,-646
1224,619,-4146,-64,-7,-16,-86,257,-646
1216,670,-4145,-59,-18,-20,-86,257,-646
1202,643,-4125,-60,-28,-17,-86,257,-646
1189,641,-4118,-57,-26,-14,-86,257,-646
1192,628,-4101,-60,-19,-15,-86,257,-646
1181,649,-4109,-54,-5,-10,-86,257,-646
1173,619,-4080,-42,12,-6,-86,257,-646
1179,660,-4089,-41,30,-3,-86,257,-646
1190,657,-4089,-45,32,-9,-86,257,-646
1208,668,-4181,-46,33,-11,-86,257,-646
1221,651,-4232,-60,21,-23,-86,257,-646
1235,629,-4197,-70,1,-29,-86,257,-646
1240,672,-4212,-71,-5,-31,-86,257,-646
1232,659,-4206,-69,-19,-35,-86,257,-646
1202,649,-4178,-59,-20,-34,-86,257,-646
1183,645,-4087,-58,-15,-36,-91,264,-648
1178,626,-4140,-52,-4,-32,-91,264,-648
1178,633,-4155,-53,6,-28,-91,264,-648
1185,612,-4155,-43,14,-20,-91,264,-648
1156,612,-4123,-36,16,-23,-91,264,-648
1181,595,-4138,-41,22,-16,-91,264,-648
1181,560,-4168,-67,19,-19,-91,264,-648
1183,570,-4155,-84,13,-19,-91,264,-648
1214,582,-4202,-86,9,-17,-91,264,-648
1202,581,-4201,-87,7,-14,-91,264,-648
1196,589,-4141,-85,-5,-10,-91,264,-648
1224,603,-4178,-83,-1,-8,-91,264,-648
1224,603,-4178,-83,-1,-8,-91,264,-648
1180,637,-4105,-94,9,-8,-91,264,-648
1180,637,-4105,-94,9,-8,-91,264,-648
1205,612,-4099,-78,16,-8,-91,264,-648
1192,600,-4076,-66,9,-7,-91,264,-648
1192,600,-4076,-66,9,-7,-91,264,-648
1179,613,-4088,-70,5,-10,-91,264,-648
1208,602,-4103,-79,9,-7,-84,255,-644
1208,602,-4103,-79,9,-7,-84,255,-644
1185,632,-4095,-88,-3,1,-84,255,-644
1185,632,-4095,-88,-3,1,-84,255,-644
1214,660,-4103,-79,-4,-5,-84,255,-644
1203,641,-4087,-82,-3,-7,-84,255,-644
1203,641,-4087,-82,-3,-7,-84,255,-644
1191,649,-4112,-78,8,-4,-84,255,-644
1191,649,-4112,-78,8,-4,-84,255,-644
1190,663,-4107,-81,1,-5,-84,255,-644
1190,663,-4107,-81,1,-5,-84,255,-644
1196,666,-4125,-64,-2,-8,-84,255,-644
1196,666,-4125,-64,-2,-8,-84,255,-644
1208,640,-4124,-68,-14,-16,-84,255,-644
1181,642,-4145,-73,-16,-19,-84,255,-644
1187,652,-4112,-82,-12,-24,-84,255,-644
1194,670,-4036,-81,-13,-15,-84,255,-644
1179,640,-4089,-75,-3,-16,-84,255,-644
1185,647,-4090,-66,4,-6,-84,255,-644
1185,647,-4090,-66,4,-6,-84,255,-644
1188,641,-4110,-64,13,-3,-84,255,-644
1178,678,-4104,-72,10,-2,-88,260,-643
1172,656,-4106,-70,9,-3,-88,260,-643
1172,656,-4106,-70,9,-3,-88,260,-643
1210,672,-4143,-66,11,-9,-88,260,-643
1206,672,-4128,-82,12,-9,-88,260,-643
1207,675,-4138,-76,3,-12,-88,260,-643
1207,669,-4081,-76,13,-13,-88,260,-643
1206,682,-4124,-72,19,-13,-88,260,-643
1225,695,-4137,-63,25,-8,-88,260,-643
1218,670,-4118,-41,20,-9,-88,260,-643
1229,674,-4166,-43,11,-10,-88,260,-643
1241,646,-4180,-52,3,-8,-88,260,-643
1241,646,-4180,-52,3,-8,-88,260,-643
1260,664,-4115,-68,-7,-15,-88,260,-643
1244,667,-4150,-73,-17,-21,-88,260,-643
1219,669,-4117,-62,-6,-26,-88,260,-643
1218,642,-4160,-74,-5,-29,-88,260,-643
1226,632,-4130,-83,-2,-30,-88,260,-643
1186,647,-4125,-91,1,-34,-89,261,-648
1223,647,-4141,-89,0,-29,-89,261,-648
1177,669,-4117,-80,8,-34,-89,261,-648
1203,638,-4093,-90,3,-38,-89,261,-648
1194,652,-4139,-88,0,-41,-89,261,-648
1179,632,-4133,-92,-2,-43,-89,261,-648
1196,660,-4107,-76,-8,-39,-89,261,-648
1188,602,-4090,-73,-5,-39,-89,261,-648
1153,627,-4047,-60,-4,-32,-89,261,-648
1166,600,-4108,-55,-2,-25,-89,261,-648
1145,616,-4081,-60,2,-19,-89,261,-648
1149,615,-4091,-63,5,-20,-89,261,-648
1173,608,-4148,-65,3,-23,-89,261,-648
1165,612,-4097,-69,3,-21,-89,261,-648
1165,620,-4143,-60,8,-17,-89,261,-648
1164,611,-4102,-70,11,-19,-89,261,-648
1165,602,-4066,-65,15,-18,-89,261,-648
1184,606,-4095,-65,18,-16,-87,254,-645
1170,600,-4104,-61,17,-8,-87,254,-645
1172,614,-4107,-60,17,-12,-87,254,-645
1168,606,-4089,-56,14,-10,-87,254,-645
1193,621,-4136,-61,12,-12,-87,254,-645
1184,611,-4092,-75,9,-14,-87,254,-645
1183,592,-4125,-86,4,-10,-87,254,-645
1195,620,-4145,-92,12,-6,-87,254,-645
1154,622,-4123,-89,18,-11,-87,254,-645
1185,653,-4095,-77,17,-9,-87,254,-645
1178,628,-4153,-74,20,-4,-87,254,-645
1210,615,-4148,-72,14,-7,-87,254,-645
1207,644,-4153,-86,-6,-10,-87,254,-645
1213,651,-4109,-89,-2,-21,-87,254,-645
1221,689,-4125,-74,2,-20,-87,254,-645
1180,658,-4112,-59,1,-18,-87,254,-645
1208,619,-4128,-53,4,-19,-90,259,-643
1185,655,-4158,-61,9,-16,-90,259,-643
1176,631,-4123,-66,19,-4,-90,259,-643
1209,628,-4152,-80,16,-7,-90,259,-643
1182,644,-4141,-66,13,-7,-90,259,-643
1185,670,-4179,-71,9,-7,-90,259,-643
1185,670,-4179,-71,9,-7,-90,259,-643
1183,649,-4140,-83,8,-16,-90,259,-643
1200,656,-4163,-88,14,-23,-90,259,-643
1164,626,-4159,-91,11,-20,-90,259,-643
1195,618,-4110,-93,20,-18,-90,259,-643
1191,606,-4115,-82,25,-9,-90,259,-643
1219,614,-4175,-85,23,-6,-90,259,-643
1200,634,-4144,-87,25,-8,-90,259,-643
1218,665,-4099,-90,15,-10,-90,259,-643
1201,634,-4175,-94,12,-13,-90,259,-643
1212,668,-4090,-96,15,-9,-90,259,-643
1201,667,-4097,-83,13,-15,-90,265,-649
1215,639,-4127,-77,13,-17,-90,265,-649
1212,676,-4128,-60,21,-12,-90,265,-649
1209,635,-4114,-56,21,-15,-90,265,-649
1203,642,-4113,-61,15,-12,-90,265,-649
1213,637,-4105,-61,13,-16,-90,265,-649
1180,652,-4135,-80,1,-15,-90,265,-649
1188,646,-4115,-86,2,-18,-90,265,-649
1183,637,-4083,-87,-1,-14,-90,265,-649
1182,666,-4083,-84,4,-15,-90,265,-649
1198,663,-4124,-97,4,-21,-90,265,-649
1177,643,-4078,-99,5,-18,-90,265,-649
1185,635,-4086,-100,9,-16,-90,265,-649
1193,685,-4059,-98,7,-22,-90,265,-649
1191,671,-4080,-92,13,-27,-90,265,-649
1218,643,-4093,-87,6,-23,-90,265,-649
1171,667,-4096,-84,6,-20,-90,265,-649
1189,645,-4128,-76,11,-20,-86,255,-645
1178,649,-4165,-73,21,-20,-86,255,-645
1200,642,-4108,-69,11,-30,-86,255,-645
1195,662,-4122,-67,14,-20,-86,255,-645
1212,656,-4127,-45,21,-24,-86,255,-645
1181,617,-4140,-52,19,-21,-86,255,-645
1206,615,-4181,-64,18,-19,-86,255,-645
1196,619,-4168,-73,15,-20,-86,255,-645
1212,637,-4167,-74,13,-18,-86,255,-645
1195,650,-4188,-69,19,-24,-86,255,-645
1202,631,-4155,-67,15,-18,-86,255,-645
1204,620,-4153,-65,20,-20,-86,255,-645
1216,613,-4171,-76,18,-20,-86,255,-645
1208,614,-4147,-75,18,-21,-86,255,-645
1203,626,-4149,-77,10,-24,-86,255,-645
1202,664,-4165,-73,14,-23,-86,255,-645
1213,624,-4179,-69,6,-25,-91,262,-644
1201,616,-4177,-70,10,-24,-91,262,-644
1187,627,-4097,-75,2,-27,-91,262,-644
1188,608,-4101,-74,13,-23,-91,262,-644
1175,608,-4139,-63,17,-16,-91,262,-644
1177,647,-4116,-68,10,-20,-91,262,-644
1189,611,-4159,-69,17,-11,-91,262,-644
1210,601,-4149,-71,4,-14,-91,262,-644
1197,618,-4200,-80,0,-14,-91,262,-644
1211,635,-4131,-81,-5,-15,-91,262,-644
1237,615,-4174,-81,-4,-21,-91,262,-644
1194,622,-4163,-84,-1,-21,-91,262,-644
1187,619,-4118,-85,6,-20,-91,262,-644
1182,624,-4169,-86,3,-15,-91,262,-644
1167,621,-4134,-91,9,-14,-91,262,-644
1190,634,-4097,-89,7,-16,-91,262,-644
1194,652,-4130,-88,16,-14,-91,262,-644
1183,630,-4100,-83,8,-14,-91,262,-649
1180,646,-4139,-79,12,-17,-91,262,-649
1189,615,-4117,-77,5,-15,-91,262,-649
1183,630,-4150,-78,13,-6,-91,262,-649
1202,632,-4083,-83,17,-9,-91,262,-649
1176,645,-4097,-75,21,-6,-91,262,-649
1206,636,-4083,-69,19,-7,-91,262,-649
1212,646,-4142,-66,13,-7,-91,262,-649
1216,631,-4112,-71,6,-9,-91,262,-649
1216,631,-4112,-71,6,-9,-91,262,-649
1200,650,-4129,-84,-2,-6,-91,262,-649
1200,650,-4129,-84,-2,-6,-91,262,-649
1202,649,-4138,-80,-4,-13,-91,262,-649
1170,656,-4102,-79,4,-11,-91,262,-649
1141,691,-4100,-70,5,-7,-91,262,-649
1141,691,-4100,-70,5,-7,-91,262,-649
1161,629,-4076,-62,6,-7,-91,262,-649
1161,629,-4076,-62,6,-7,-91,262,-649
1180,640,-4119,-61,17,-5,-91,262,-649
1186,664,-4148,-58,20,-2,-87,256,-648
1192,646,-4130,-53,21,-4,-87,256,-648
1212,632,-4168,-57,18,-6,-87,256,-648
1208,631,-4119,-60,19,-12,-87,256,-648
1212,638,-4140,-69,22,-10,-87,256,-648
1190,656,-4161,-64,12,-11,-87,256,-648
1214,647,-4147,-60,10,-6,-87,256,-648
1186,638,-4203,-72,20,-8,-87,256,-648
1188,617,-4150,-67,12,-7,-87,256,-648
1231,617,-4128,-86,7,-5,-87,256,-648
1231,617,-4128,-86,7,-5,-87,256,-648
1187,640,-4101,-92,1,-10,-87,256,-648
1212,649,-4079,-98,9,-7,-87,256,-648
1212,649,-4079,-98,9,-7,-87,256,-648
1205,654,-4089,-101,9,-14,-87,256,-648
1239,657,-4125,-96,15,-15,-87,256,-648
1223,649,-4122,-88,11,-21,-87,256,-648
1207,676,-4144,-88,5,-19,-87,256,-648
1193,646,-4134,-76,2,-19,-88,257,-642
1190,665,-4116,-81,-4,-25,-88,257,-642
1192,668,-4099,-73,8,-25,-88,257,-642
1209,662,-4102,-65,10,-23,-88,257,-642
1201,672,-4134,-65,9,-21,-88,257,-642
1194,628,-4118,-66,24,-26,-88,257,-642
1209,620,-4123,-67,5,-20,-88,257,-642
1200,635,-4118,-82,-4,-20,-88,257,-642
1197,625,-4145,-84,0,-28,-88,257,-642
1191,629,-4115,-86,-1,-23,-88,257,-642
1181,635,-4129,-76,-1,-24,-88,257,-642
1160,626,-4104,-74,10,-17,-88,257,-642
1187,661,-4108,-70,17,-15,-88,257,-642
1202,625,-4149,-60,17,-10,-88,257,-642
1196,627,-4117,-52,22,-10,-88,257,-642
1218,604,-4140,-52,16,-7,-88,257,-642
1192,635,-4140,-65,13,-2,-88,257,-642
1198,646,-4144,-64,2,-9,-92,265,-645
1198,646,-4144,-64,2,-9,-92,265,-645
1212,666,-4100,-66,7,-14,-92,265,-645
1197,650,-4114,-68,9,-17,-92,265,-645
1197,648,-4130,-70,22,-16,-92,265,-645
1191,645,-4107,-64,21,-10,-92,265,-645
1210,645,-4163,-55,24,-11,-92,265,-645
1202,619,-4154,-61,25,-12,-92,265,-645
1232,631,-4191,-81,14,-9,-92,265,-645
1242,621,-4178,-96,4,-16,-92,265,-645
1202,647,-4134,-98,-1,-16,-92,265,-645
1207,640,-4148,-85,-4,-20,-92,265,-645
1208,660,-4156,-85,3,-19,-92,265,-645
1187,629,-4066,-82,2,-19,-92,265,-645
1183,640,-4109,-89,6,-22,-92,265,-645
1185,610,-4123,-86,13,-18,-92,265,-645
1156,612,-4070,-83,14,-16,-92,265,-645
1157,634,-4107,-88,11,-16,-85,254,-644
1187,651,-4137,-88,4,-24,-85,254,-644
1207,627,-4148,-92,10,-22,-85,254,-644
1183,631,-4108,-86,10,-16,-85,254,-644
1178,636,-4121,-83,1,-17,-85,254,-644
1213,607,-4135,-84,5,-24,-85,254,-644
1176,611,-4072,-83,8,-23,-85,254,-644
1187,626,-4108,-66,11,-14,-85,254,-644
1158,626,-4104,-43,17,-5,-85,254,-644
1198,649,-4142,-38,20,1,-85,254,-644
1198,649,-4142,-38,20,1,-85,254,-644
1208,619,-4150,-16,21,3,-85,254,-644
1214,634,-4190,-23,5,2,-85,254,-644
1214,634,-4190,-23,5,2,-85,254,-644
1229,622,-4150,-38,-1,-5,-85,254,-644
1229,622,-4150,-38,-1,-5,-85,254,-644
1211,628,-4148,-63,-8,-3,-85,254,-644
1211,628,-4148,-63,-8,-3,-85,254,-644
1187,634,-4096,-65,5,-5,-85,254,-644
1187,634,-4096,-65,5,-5,-85,254,-644
1173,628,-4110,-57,17,-3,-89,259,-642
1209,622,-4081,-63,20,-6,-89,259,-642
1185,653,-4137,-66,27,-6,-89,259,-642
1224,641,-4148,-74,33,0,-89,259,-642
1195,614,-4110,-75,35,2,-89,259,-642
1179,618,-4127,-71,28,2,-89,259,-642
1179,618,-4127,-71,28,2,-89,259,-642
1222,652,-4150,-95,25,-15,-89,259,-642
1212,635,-4102,-103,32,-15,-89,259,-642
1212,649,-4148,-105,38,-15,-89,259,-642
1188,638,-4107,-83,37,-15,-89,259,-642
1178,650,-4118,-75,32,-8,-89,259,-642
1180,632,-4143,-85,27,1,-89,259,-642
1180,632,-4143,-85,27,1,-89,259,-642
1207,665,-4115,-75,22,5,-89,259,-642
1214,663,-4102,-61,25,8,-89,259,-642
1204,665,-4163,-46,25,8,-89,259,-642
1226,661,-4160,-40,5,-2,-89,259,-642
1226,661,-4160,-40,5,-2,-89,259,-642
1244,631,-4199,-59,-7,-11,-89,261,-649
1234,649,-4150,-82,-15,-15,-89,261,-649
1222,652,-4124,-82,-12,-15,-89,261,-649
1190,654,-4156,-81,-7,-23,-89,261,-649
1206,675,-4142,-77,-1,-15,-89,261,-649
1192,625,-4114,-76,5,-13,-89,261,-649
1173,632,-4111,-75,6,-9,-89,261,-649
1173,632,-4111,-75,6,-9,-89,261,-649
1170,641,-4107,-70,22,-7,-89,261,-649
1197,642,-4096,-72,28,-9,-89,261,-649
1198,649,-4138,-71,18,-6,-89,261,-649
1221,641,-4127,-83,16,-15,-89,261,-649
1226,677,-4160,-81,15,-13,-89,261,-649
1226,675,-4135,-74,15,-20,-89,261,-649
1208,638,-4108,-58,12,-15,-89,261,-649
1191,631,-4086,-55,8,-14,-89,261,-649
1199,639,-4094,-66,9,-9,-89,261,-649
1199,639,-4094,-66,9,-9,-89,261,-649
1223,658,-4153,-74,14,-10,-87,258,-644
1209,666,-4146,-71,16,-11,-87,258,-644
1208,656,-4122,-69,14,-16,-87,258,-644
1202,646,-4098,-73,23,-17,-87,258,-644
1214,636,-4123,-77,19,-21,-87,258,-644
1209,626,-4087,-82,15,-19,-87,258,-644
1172,654,-4094,-90,22,-20,-87,258,-644
1209,648,-4084,-75,18,-15,-87,258,-644
1198,651,-4125,-64,18,-10,-87,258,-644
1200,650,-4137,-62,30,-12,-87,258,-644
1207,618,-4147,-67,28,-12,-87,258,-644
1192,600,-4114,-77,31,-13,-87,258,-644
1195,617,-4185,-71,29,-13,-87,258,-644
1207,620,-4129,-58,10,-8,-87,258,-644
1236,626,-4146,-53,-1,-13,-87,258,-644
1221,621,-4182,-68,-10,-14,-87,258,-644
1221,620,-4164,-91,-15,-18,-89,262,-645
1197,610,-4185,-94,-14,-16,-89,262,-645
1219,662,-4140,-98,-10,-22,-89,262,-645
1212,688,-4116,-91,-17,-21,-89,262,-645
1202,662,-4117,-87,-3,-24,-89,262,-645
1178,642,-4115,-87,2,-19,-89,262,-645
1199,633,-4088,-77,12,-18,-89,262,-645
1163,644,-4095,-75,21,-11,-89,262,-645
1201,624,-4062,-84,24,-12,-89,262,-645
1216,660,-4120,-80,25,-14,-89,262,-645
1229,653,-4112,-72,21,-11,-89,262,-645
1222,658,-4128,-64,24,-10,-89,262,-645
1200,637,-4108,-55,19,-15,-89,262,-645
1217,663,-4120,-66,5,-16,-89,262,-645
1204,620,-4129,-65,7,-17,-89,262,-645
1178,648,-4109,-56,18,-11,-89,262,-645
1192,631,-4087,-42,20,-12,-88,265,-649
1157,604,-4136,-47,31,-3,-88,265,-649
1177,635,-4122,-51,26,6,-88,265,-649
1251,599,-4142,-56,18,-1,-88,265,-649
1223,621,-4184,-85,7,-4,-88,265,-649
1223,621,-4184,-85,7,-4,-88,265,-649
1223,619,-4162,-107,-7,-15,-88,265,-649
1255,680,-4170,-105,-13,-25,-88,265,-649
1250,671,-4122,-89,-8,-20,-88,265,-649
1215,642,-4111,-80,-11,-23,-88,265,-649
1211,649,-4073,-78,-1,-20,-88,265,-649
1197,642,-4111,-72,3,-17,-88,265,-649
1181,632,-4112,-63,19,-10,-88,265,-649
1205,672,-4074,-50,29,-10,-88,265,-649
1185,652,-4163,-42,24,-8,-88,265,-649
1239,671,-4124,-47,17,-12,-88,265,-649
1223,644,-4177,-51,1,-14,-88,265,-649
1242,617,-4175,-70,-11,-20,-88,265,-649
1219,643,-4129,-92,-10,-19,-87,254,-647
1218,653,-4109,-95,-9,-21,-87,254,-647
1199,671,-4107,-85,-1,-19,-87,254,-647
1181,650,-4103,-70,5,-16,-87,254,-647
1164,627,-4103,-66,-2,-21,-87,254,-647
1170,626,-4088,-64,9,-13,-87,254,-647
1171,640,-4043,-63,18,-11,-87,254,-647
1187,651,-4085,-50,37,-17,-87,254,-647
1181,633,-4117,-65,29,-16,-87,254,-647
1187,603,-4159,-67,30,-13,-87,254,-647
1225,629,-4130,-66,28,-11,-87,254,-647
1215,630,-4160,-82,14,-19,-87,254,-647
1245,649,-4117,-86,7,-21,-87,254,-647
1224,643,-4157,-83,1,-22,-87,254,-647
1231,636,-4155,-87,-3,-25,-87,254,-647
1219,631,-4166,-77,-10,-24,-87,254,-647
1178,655,-4146,-67,6,-23,-88,260,-646
1196,631,-4123,-55,12,-17,-88,260,-646
1225,629,-4132,-49,17,-11,-88,260,-646
1207,634,-4140,-44,15,-12,-88,260,-646
1224,628,-4156,-52,2,-15,-88,260,-646
1221,596,-4141,-51,-6,-14,-88,260,-646
1229,606,-4123,-54,-2,-13,-88,260,-646
1221,636,-4135,-57,-7,-15,-88,260,-646
1205,613,-4143,-54,-4,-17,-88,260,-646
1217,631,-4128,-60,-8,-15,-88,260,-646
1211,626,-4132,-65,0,-9,-88,260,-646
1211,626,-4132,-65,0,-9,-88,260,-646
1180,621,-4122,-73,8,-10,-88,260,-646
1186,620,-4125,-80,14,-6,-88,260,-646
1194,663,-4106,-83,19,-9,-88,260,-646
1186,647,-4161,-95,14,-16,-88,260,-646
1231,645,-4157,-98,20,-28,-88,260,-646
1190,626,-4127,-97,17,-23,-87,264,-649
1209,629,-4136,-102,17,-21,-87,264,-649
1208,609,-4158,-98,18,-20,-87,264,-649
1187,625,-4141,-88,20,-9,-87,264,-649
1213,619,-4098,-86,10,-9,-87,264,-649
1193,646,-4125,-83,10,-13,-87,264,-649
1215,640,-4106,-76,0,-15,-87,264,-649
